DRESDEN/racetrackcorridor/O0DoTA;ALLOY_DIFF_PROP_NET;1;true;;30000;1738737;98009
DRESDEN/vacuum_cleaner_1/eUNjpw;ALLOY_DIFF_PROP_NET;1;true;;30000;257295;42676
BASE/2pffa_zerosum/o0_uZA;ALLOY_DIFF_PROP_NET;1;true;;30000;1549660;51655
DRESDEN/uf20-01.cnf.SAT/42Rs8A;ALLOY_DIFF_PROP_NET;1;false;Exception of type NullPointerException;0;0;0
BASE/factoringMutuallyAssuredDestruction/NH0LGg;ALLOY_DIFF_PROP_NET;1;true;;30000;14286219;714310
BASE/conn4/va9Y7A;ALLOY_DIFF_PROP_NET;1;true;;30000;5346372;250630
BASE/reversiSuicide/9OxJlg;ALLOY_DIFF_PROP_NET;1;true;;30000;511439;8467
DRESDEN/brawl/2kXtfQ;ALLOY_DIFF_PROP_NET;1;true;;30000;137796;13779
BASE/ticblock/T21C1g;ALLOY_DIFF_PROP_NET;1;true;;30000;4754435;287853
BASE/queens08ug/kJ_ZFQ;ALLOY_DIFF_PROP_NET;1;true;;30000;4268605;533575
BASE/snake_2008/i6K26g;ALLOY_DIFF_PROP_NET;1;true;;30000;1151322;72240
BASE/connect5/d-BVQg;ALLOY_DIFF_PROP_NET;1;true;;30000;658835;14353
DRESDEN/Zhadu/9zpQ5w;ALLOY_DIFF_PROP_NET;1;true;;30000;787293;21079
DRESDEN/frogs_and_toads/GjchhQ;ALLOY_DIFF_PROP_NET;1;true;;30000;643124;5544
BASE/rubiksCube/9tNO9Q;ALLOY_DIFF_PROP_NET;1;true;;30000;773562;15471
BASE/wargame02/BkVqqQ;ALLOY_DIFF_PROP_NET;1;true;;30000;178096;59383
DRESDEN/battlesnakes2011/93VtTw;ALLOY_DIFF_PROP_NET;1;false;Test process timed out after 240 seconds;0;0;0
BASE/checkers/rOC3Xg;ALLOY_DIFF_PROP_NET;1;true;;30000;453473;4534
STANFORD/connectfour/VMpZkQ;ALLOY_DIFF_PROP_NET;1;true;;30000;7334884;328105
DRESDEN/capture_the_king/EQ229Q;ALLOY_DIFF_PROP_NET;1;true;;30000;170361;2705
BASE/hallway/ckCJOw;ALLOY_DIFF_PROP_NET;1;true;;30000;320159;10672
BASE/ruleDepthExponential/UamhHQ;ALLOY_DIFF_PROP_NET;1;true;;30001;9157;4484
BASE/gt_coordination/IVMOzA;ALLOY_DIFF_PROP_NET;1;true;;30000;5760161;288008
DRESDEN/vacuumcleaner_obstacles_3/4NjSmw;ALLOY_DIFF_PROP_NET;1;false;Test process timed out after 240 seconds;0;0;0
DRESDEN/checkers-mustjump/HUr33w;ALLOY_DIFF_PROP_NET;1;false;IllegalArgumentException: Cartesian product too large, must have size at most Integer.MAX_VALUE;0;0;0
BASE/ticTacHeavenFC/mrletw;ALLOY_DIFF_PROP_NET;1;true;;30000;1688572;62319
STANFORD/hunter/14dD-g;ALLOY_DIFF_PROP_NET;1;true;;30000;3055002;218214
DRESDEN/vacuumcleaner_obstacles_2/Y-R7tA;ALLOY_DIFF_PROP_NET;1;true;;30000;221620;37051
BASE/eotcatcit/AfZSzA;ALLOY_DIFF_PROP_NET;1;true;;30000;6867805;900358
BASE/breakthroughHoles/nZk0Sg;ALLOY_DIFF_PROP_NET;1;true;;30000;838036;13414
BASE/pearls/6k_mEQ;ALLOY_DIFF_PROP_NET;1;true;;30000;24263128;2205738
BASE/firefighter/WJmoPw;ALLOY_DIFF_PROP_NET;1;true;;30000;30413480;688458
DRESDEN/logistics/fPru1Q;ALLOY_DIFF_PROP_NET;1;true;;30000;1259421;25188
BASE/breakthrough/TGxk-g;ALLOY_DIFF_PROP_NET;1;true;;30000;778259;12134
DRESDEN/snake_2009/zIYLVw;ALLOY_DIFF_PROP_NET;1;true;;30000;1068986;66930
DRESDEN/tictactoe_3d_2player/LMuX9w;ALLOY_DIFF_PROP_NET;1;true;;30000;2108712;59384
BASE/knightmove/jBaJEw;ALLOY_DIFF_PROP_NET;1;true;;30000;6249548;177152
STANFORD/triplesukoshi/Iu9mbA;ALLOY_DIFF_PROP_NET;1;true;;30000;2859562;408508
DRESDEN/firefighter/WJmoPw;ALLOY_DIFF_PROP_NET;1;true;;30000;29147765;659023
DRESDEN/farmers/S_ASnw;ALLOY_DIFF_PROP_NET;1;false;Test process timed out after 240 seconds;0;0;0
BASE/battle/8oAvhQ;ALLOY_DIFF_PROP_NET;1;true;;30000;1422432;47414
BASE/pancakes88/l2Xaig;ALLOY_DIFF_PROP_NET;1;true;;30000;5386;134
STANFORD/bestbuttonsandlightsbig/g0JC6g;ALLOY_DIFF_PROP_NET;1;true;;30000;9687980;1614663
DRESDEN/slidingpieces/s9_44g;ALLOY_DIFF_PROP_NET;1;true;;30000;2296100;28346
DRESDEN/Catch-Me-If-You-Can/ghGWrA;ALLOY_DIFF_PROP_NET;1;true;;30000;5549495;164509
BASE/asteroidsSerial/id2QkA;ALLOY_DIFF_PROP_NET;1;true;;30000;3962007;42688
BASE/cylinder-checkers/hlldmw;ALLOY_DIFF_PROP_NET;1;false;IllegalArgumentException: Cartesian product too large, must have size at most Integer.MAX_VALUE;0;0;0
BASE/battlebrushes/arCwyA;ALLOY_DIFF_PROP_NET;1;true;;30000;445131;23427
BASE/2pffa/6oHijA;ALLOY_DIFF_PROP_NET;1;true;;30000;1760009;58666
BASE/amazons_10x10/Bun8dA;ALLOY_DIFF_PROP_NET;1;true;;30000;458955;3373
DRESDEN/checkers-suicide-cylinder-mustjump/L2BYWg;ALLOY_DIFF_PROP_NET;1;false;IllegalArgumentException: Cartesian product too large, must have size at most Integer.MAX_VALUE;0;0;0
DRESDEN/connectfoursuicide/M9CNQg;ALLOY_DIFF_PROP_NET;1;true;;30000;7939932;355466
BASE/survival/YVIjJA;ALLOY_DIFF_PROP_NET;1;true;;30000;21239284;18202194
DRESDEN/nim3/sG_axA;ALLOY_DIFF_PROP_NET;1;true;;30000;2804940;211621
BASE/skirmishFinal2/gdB62Q;ALLOY_DIFF_PROP_NET;1;true;;30000;154107;2612
DRESDEN/sat_test_20v_91c/dK7nVw;ALLOY_DIFF_PROP_NET;1;true;;30000;9161534;458076
DRESDEN/pancakes/hl9aiQ;ALLOY_DIFF_PROP_NET;1;true;;30000;924078;23285
BASE/tictactoe2/bhrDoQ;ALLOY_DIFF_PROP_NET;1;true;;30000;12074084;1583330
BASE/blocksWorldParallel/RseaAQ;ALLOY_DIFF_PROP_NET;1;true;;30000;2538198;846066
DRESDEN/gt_ultimatum/pAiiQw;ALLOY_DIFF_PROP_NET;1;true;;30000;1639173;81958
DRESDEN/CatchMeIfYouCanTest/CX18rA;ALLOY_DIFF_PROP_NET;1;true;;30000;5741431;169370
BASE/gt_centipede/9fRMpw;ALLOY_DIFF_PROP_NET;1;true;;30000;4736126;2367559
BASE/skirmishZeroSum/zh4hcw;ALLOY_DIFF_PROP_NET;1;true;;30000;191237;1912
DRESDEN/smallest/9kaGFw;ALLOY_DIFF_PROP_NET;1;true;;30000;97237;4070
BASE/breakthroughSmall/HJ0tIA;ALLOY_DIFF_PROP_NET;1;true;;30000;1378008;48961
BASE/chomp/-LcqYQ;ALLOY_DIFF_PROP_NET;1;true;;30000;2415954;343263
BASE/racer/QQYQNw;ALLOY_DIFF_PROP_NET;1;true;;30000;80471;5902
DRESDEN/quartosuicide/WIU1oQ;ALLOY_DIFF_PROP_NET;1;true;;30000;747033;32044
BASE/gt_ultimatum/GE-uOA;ALLOY_DIFF_PROP_NET;1;true;;30000;1860292;93014
BASE/slaughter/cOch8A;ALLOY_DIFF_PROP_NET;1;false;Test process timed out after 240 seconds;0;0;0
BASE/ticTacToeLarge/TZC0dg;ALLOY_DIFF_PROP_NET;1;true;;30000;7723938;325521
DRESDEN/hitori/S8Gsyg;ALLOY_DIFF_PROP_NET;1;true;;30000;1814546;18832
STANFORD/8puzzle/jNiGtw;ALLOY_DIFF_PROP_NET;1;true;;30000;1114736;18578
STANFORD/tictictoe/rpt_Dw;ALLOY_DIFF_PROP_NET;1;true;;30000;3198636;637079
BASE/othelloHoles/c0qAzw;ALLOY_DIFF_PROP_NET;1;true;;30001;120606;2134
DRESDEN/bomberman2p/x4h6jQ;ALLOY_DIFF_PROP_NET;1;true;;30000;2393109;306551
DRESDEN/snake_2009_big/DgC1NQ;ALLOY_DIFF_PROP_NET;1;true;;30000;911097;50864
BASE/crissrace/ERWGDA;ALLOY_DIFF_PROP_NET;1;true;;30000;833587;18694
BASE/tictactoe_3d_small_6player/g_9lww;ALLOY_DIFF_PROP_NET;1;true;;30000;3527589;98422
BASE/pancakes6/QZTdnw;ALLOY_DIFF_PROP_NET;1;true;;30000;953712;24038
BASE/asteroids/BKCmPQ;ALLOY_DIFF_PROP_NET;1;true;;30000;6206153;133650
BASE/wargame03/klXI8w;ALLOY_DIFF_PROP_NET;1;true;;30000;435734;67893
DRESDEN/fizzbuzz/t1xHzQ;ALLOY_DIFF_PROP_NET;1;true;;30000;15795276;526509
DRESDEN/four_way_battle/xSOQXA;ALLOY_DIFF_PROP_NET;1;true;;30000;918747;29651
BASE/ticTacToeParallel/ymRGPw;ALLOY_DIFF_PROP_NET;1;true;;30000;1633405;236208
BASE/blobwars/0XT15Q;ALLOY_DIFF_PROP_NET;1;true;;30000;182675;4568
DRESDEN/chickentictactoe/Ipbo-g;ALLOY_DIFF_PROP_NET;1;true;;30000;5281975;742785
BASE/sum15/QZ07Kg;ALLOY_DIFF_PROP_NET;1;true;;30000;4784526;627339
BASE/god/qF06gw;ALLOY_DIFF_PROP_NET;1;false;Test process timed out after 240 seconds;0;0;0
BASE/checkers-mustjump-torus/uSApKQ;ALLOY_DIFF_PROP_NET;1;true;;30000;162465;3730
BASE/breakthroughSuicideSmall/XSbJog;ALLOY_DIFF_PROP_NET;1;true;;30000;1376629;49053
BASE/strangeSkirmish/gc1zKA;ALLOY_DIFF_PROP_NET;1;true;;30000;112322;1134
DRESDEN/mimikry/GJEhwA;ALLOY_DIFF_PROP_NET;1;true;;30000;833947;34711
DRESDEN/chinesecheckers6-simultaneous/gPPGUw;ALLOY_DIFF_PROP_NET;1;true;;30000;1123744;48966
BASE/mummymaze2p/vpjDdA;ALLOY_DIFF_PROP_NET;1;true;;30000;2697278;54816
DRESDEN/battlesnakes1509/-qZrLw;ALLOY_DIFF_PROP_NET;1;false;Test process timed out after 240 seconds;0;0;0
DRESDEN/battle/8oAvhQ;ALLOY_DIFF_PROP_NET;1;true;;30000;1345223;44840
DRESDEN/doubletictactoe/lJzgmQ;ALLOY_DIFF_PROP_NET;1;true;;30000;3220120;386189
BASE/ttcc4/Le0qjQ;ALLOY_DIFF_PROP_NET;1;true;;30000;555900;19733
BASE/bomberman2p/4CClwA;ALLOY_DIFF_PROP_NET;1;true;;30000;2214240;283992
BASE/troublemaker02/DI83KA;ALLOY_DIFF_PROP_NET;1;true;;30000;17447087;5814627
DRESDEN/mummymaze1p/AekgaQ;ALLOY_DIFF_PROP_NET;1;false;Test process timed out after 240 seconds;0;0;0
DRESDEN/sheep_and_wolf/enAIzQ;ALLOY_DIFF_PROP_NET;1;true;;30000;743817;18099
BASE/copolymer_4/2LDVhQ;ALLOY_DIFF_PROP_NET;1;true;;30000;3867163;111022
BASE/skirmishNew/sibw2g;ALLOY_DIFF_PROP_NET;1;true;;30000;176873;1768
BASE/kitten_escapes_from_fire/uW-YiA;ALLOY_DIFF_PROP_NET;1;true;;30000;12569458;1513112
BASE/blocksWorld/SEdXLQ;ALLOY_DIFF_PROP_NET;1;true;;30000;8784508;2928169
BASE/lightsOnSimul4/9FeASw;ALLOY_DIFF_PROP_NET;1;true;;30000;2845649;442496
BASE/zhadu/DlA8iQ;ALLOY_DIFF_PROP_NET;1;true;;30000;746346;20037
BASE/simultaneousWin2/PfjRjw;ALLOY_DIFF_PROP_NET;1;true;;30000;3340879;54131
DRESDEN/cubicup_3player/awDtsQ;ALLOY_DIFF_PROP_NET;1;true;;30000;1566166;18644
DRESDEN/skirmish/RjGQYQ;ALLOY_DIFF_PROP_NET;1;true;;30000;192408;4811
DRESDEN/mummymaze2p-comp2007/oTQRQg;ALLOY_DIFF_PROP_NET;1;true;;30000;2554119;54293
DRESDEN/Thief_Police/CX18rA;ALLOY_DIFF_PROP_NET;1;true;;30000;6016867;177642
BASE/duplicateStateLarge/dcjyuw;ALLOY_DIFF_PROP_NET;1;true;;30000;5922305;423021
DRESDEN/pentago_2008/hLjVpQ;ALLOY_DIFF_PROP_NET;1;true;;30000;2644625;48355
STANFORD/tictactoe/ss1kyQ;ALLOY_DIFF_PROP_NET;1;true;;30000;6389129;837610
BASE/snake_2009_big/-oRfVw;ALLOY_DIFF_PROP_NET;1;true;;30000;893597;49960
DRESDEN/chinesecheckers1/Y-ftaA;ALLOY_DIFF_PROP_NET;1;true;;30000;1442190;50823
DRESDEN/tttcc4/sAvtFg;ALLOY_DIFF_PROP_NET;1;true;;30000;564994;20049
DRESDEN/god/2EDD5w;ALLOY_DIFF_PROP_NET;1;false;Test process timed out after 240 seconds;0;0;0
DRESDEN/crissrace/KWb9bw;ALLOY_DIFF_PROP_NET;1;true;;30000;859440;19274
DRESDEN/hanoi7_bugfix/3gdnFw;ALLOY_DIFF_PROP_NET;1;true;;30000;5492965;43251
BASE/gt_tinfoil/Q8DyKg;ALLOY_DIFF_PROP_NET;1;true;;30000;2662125;266212
BASE/gt_two_thirds_6p/867v3Q;ALLOY_DIFF_PROP_NET;1;false;Test process timed out after 240 seconds;0;0;0
BASE/laikLee_hex/zbyscQ;ALLOY_DIFF_PROP_NET;1;false;Test process timed out after 240 seconds;0;0;0
BASE/chickentoetictac/l57rfQ;ALLOY_DIFF_PROP_NET;1;true;;30000;5731344;805864
BASE/cubicup_3player/e2yA_g;ALLOY_DIFF_PROP_NET;1;true;;30000;1475271;17562
DRESDEN/skirmish3/3LU8Nw;ALLOY_DIFF_PROP_NET;1;true;;30000;196632;4915
DRESDEN/Travelers-Dilemma/PvZwYw;ALLOY_DIFF_PROP_NET;1;true;;30001;5314;531
DRESDEN/vacuumcleaner_obstacles_1/CqS-7A;ALLOY_DIFF_PROP_NET;1;true;;30000;221256;37019
BASE/sudokuGrade1/tDRNRw;ALLOY_DIFF_PROP_NET;1;true;;30000;317595;8966
BASE/coins_atomic/AA3SSw;ALLOY_DIFF_PROP_NET;1;true;;30000;2244856;897898
DRESDEN/connect4/T0-rHQ;ALLOY_DIFF_PROP_NET;1;true;;30000;2117961;99373
DRESDEN/tictactoelarge/IwXcbg;ALLOY_DIFF_PROP_NET;1;true;;30000;8254480;347866
DRESDEN/chomp/-LcqYQ;ALLOY_DIFF_PROP_NET;1;true;;30000;2101681;297901
DRESDEN/chinesecheckers2/06E6-Q;ALLOY_DIFF_PROP_NET;1;true;;30000;629547;16667
DRESDEN/uf20-020.cnf.SAT.satlike/WbqXoA;ALLOY_DIFF_PROP_NET;1;true;;30000;34311;1715
BASE/kalaha_2009/dRiN3g;ALLOY_DIFF_PROP_NET;1;true;;30000;51263;614
DRESDEN/chinesecheckers3/QsCb2A;ALLOY_DIFF_PROP_NET;1;true;;30000;400292;7376
BASE/4pffa/Q3ADlg;ALLOY_DIFF_PROP_NET;1;true;;30000;979864;24496
BASE/knightwar/DVGY4Q;ALLOY_DIFF_PROP_NET;1;false;Exception of type NullPointerException;0;0;0
BASE/pawnToQueen/-O1_JA;ALLOY_DIFF_PROP_NET;1;true;;30000;1183058;89715
DRESDEN/eotcatcit/mQUxzA;ALLOY_DIFF_PROP_NET;1;true;;30000;6569396;861385
BASE/breakthroughSuicide/wZDpIg;ALLOY_DIFF_PROP_NET;1;true;;30000;778872;12160
DRESDEN/peg/Vo31eg;ALLOY_DIFF_PROP_NET;1;true;;30000;1189958;48891
BASE/hanoi/iGLsJg;ALLOY_DIFF_PROP_NET;1;true;;30000;8249350;266108
DRESDEN/3pffa/0YrmQw;ALLOY_DIFF_PROP_NET;1;true;;30000;1393597;46453
DRESDEN/pawn_whopping/4ogBkg;ALLOY_DIFF_PROP_NET;1;true;;30000;3594210;98157
BASE/connectFourSuicide/c8p9Kw;ALLOY_DIFF_PROP_NET;1;true;;30000;7588902;339631
DRESDEN/skirmishfinal/hzq8ww;ALLOY_DIFF_PROP_NET;1;true;;30000;155763;2640
BASE/circlesolitaire/azuQFQ;ALLOY_DIFF_PROP_NET;1;true;;30000;6599176;640872
BASE/breakthroughWalls/vOZaYA;ALLOY_DIFF_PROP_NET;1;true;;30000;753167;11645
DRESDEN/tictactoe_3player/ESLQQQ;ALLOY_DIFF_PROP_NET;1;true;;30000;2593315;127614
BASE/snake_2009/7l-qAQ;ALLOY_DIFF_PROP_NET;1;true;;30000;1128405;70157
DRESDEN/quad_5x5_8_2/JRTLJg;ALLOY_DIFF_PROP_NET;1;true;;30000;2199244;120028
BASE/minichess-evilconjuncts/4OpQzw;ALLOY_DIFF_PROP_NET;1;true;;30000;1341836;151709
DRESDEN/uf20-020.cnf.SAT/hDrW_A;ALLOY_DIFF_PROP_NET;1;true;;30000;9460508;473025
BASE/hex/T1MK8g;ALLOY_DIFF_PROP_NET;1;true;;30000;231750;3266
BASE/brawl/6Ymo_Q;ALLOY_DIFF_PROP_NET;1;true;;30000;138511;13851
BASE/lightsOnSimultaneous/_VN6lw;ALLOY_DIFF_PROP_NET;1;true;;30000;3344799;220826
DRESDEN/cubicup/SBn_lw;ALLOY_DIFF_PROP_NET;1;true;;30000;2529076;45162
BASE/3pffa/pR0dzA;ALLOY_DIFF_PROP_NET;1;true;;30000;1254006;41800
BASE/cephalopodMicro/9l2D3g;ALLOY_DIFF_PROP_NET;1;true;;30000;1535260;35006
DRESDEN/knightwar/7hhAqg;ALLOY_DIFF_PROP_NET;1;false;Test process timed out after 240 seconds;0;0;0
BASE/doubletictactoe/HH1htg;ALLOY_DIFF_PROP_NET;1;true;;30000;2916105;349752
BASE/quarto/EwBMVQ;ALLOY_DIFF_PROP_NET;1;true;;30000;877864;37662
STANFORD/knightstourmedium/x1wu8Q;ALLOY_DIFF_PROP_NET;1;true;;30000;9542737;2385542
BASE/pacman2p/4LEdQg;ALLOY_DIFF_PROP_NET;1;true;;30000;603814;12223
STANFORD/breakthrough/d5j0cQ;ALLOY_DIFF_PROP_NET;1;true;;30000;474373;7392
BASE/blocks2player/wnTLOQ;ALLOY_DIFF_PROP_NET;1;true;;30000;4161792;231215
BASE/checkersBarrelNoKings/rnKNeg;ALLOY_DIFF_PROP_NET;1;true;;30000;1020150;15691
BASE/point_grab/r5DPmQ;ALLOY_DIFF_PROP_NET;1;true;;30000;12432348;414411
BASE/buttons/hTcUjw;ALLOY_DIFF_PROP_NET;1;true;;30000;17044417;2840736
DRESDEN/hallway/0H4l-Q;ALLOY_DIFF_PROP_NET;1;true;;30000;323241;10774
DRESDEN/point_grab/r5DPmQ;ALLOY_DIFF_PROP_NET;1;true;;30000;12390891;413029
BASE/factoringImpossibleTurtleBrain/kcBhdw;ALLOY_DIFF_PROP_NET;1;false;OutOfMemoryError: Java heap space;0;0;0
DRESDEN/smallest_4player/ADDROA;ALLOY_DIFF_PROP_NET;1;true;;30000;2473201;104819
BASE/racer4/0vs7Ww;ALLOY_DIFF_PROP_NET;1;true;;30000;274344;12510
BASE/tttcc4/8Bs2lg;ALLOY_DIFF_PROP_NET;1;true;;30000;571020;20295
DRESDEN/kitten_escapes_from_fire/uW-YiA;ALLOY_DIFF_PROP_NET;1;true;;30000;12738901;1533356
BASE/gt_dollar/TGjqRw;ALLOY_DIFF_PROP_NET;1;true;;30000;3138095;1568612
STANFORD/selectivesukoshi/3xmXYg;ALLOY_DIFF_PROP_NET;1;true;;30000;3513351;120970
DRESDEN/tictictoe/LAUtwg;ALLOY_DIFF_PROP_NET;1;true;;30000;2713018;540184
STANFORD/platformjumpers/HEQskA;ALLOY_DIFF_PROP_NET;1;true;;30000;925216;18374
DRESDEN/blocks/vg0DRw;ALLOY_DIFF_PROP_NET;1;true;;30000;8678220;2892740
BASE/factoringEasyTurtleBrain/lUj94Q;ALLOY_DIFF_PROP_NET;1;true;;30000;17778036;296300
BASE/wargame01/_GZFZg;ALLOY_DIFF_PROP_NET;1;true;;30000;609156;60624
BASE/solitaireChineseCheckers/-ET6gw;ALLOY_DIFF_PROP_NET;1;true;;30000;1548570;28677
BASE/quad_5x5/JAEP5g;ALLOY_DIFF_PROP_NET;1;true;;30000;2173523;150680
BASE/troublemaker01/s3tlEQ;ALLOY_DIFF_PROP_NET;1;true;;30000;20629017;6876460
DRESDEN/checkers-cylinder-mustjump/vW_-pA;ALLOY_DIFF_PROP_NET;1;false;IllegalArgumentException: Cartesian product too large, must have size at most Integer.MAX_VALUE;0;0;0
DRESDEN/2player_normal_form_2010/NG_Kdg;ALLOY_DIFF_PROP_NET;1;true;;30000;14321852;14321852
STANFORD/alquerquezero/uVgA_A;ALLOY_DIFF_PROP_NET;1;true;;30000;936088;32278
BASE/chinook/XQh0IQ;ALLOY_DIFF_PROP_NET;1;true;;30000;556646;19048
BASE/choicethroughalt/tt71Lg;ALLOY_DIFF_PROP_NET;1;true;;30000;491656;12458
BASE/cubicup/4wNWJA;ALLOY_DIFF_PROP_NET;1;true;;30000;2604917;46516
BASE/sudokuGrade2/u80Tfw;ALLOY_DIFF_PROP_NET;1;true;;30000;320244;8399
BASE/checkers-suicide-cylinder-mustjump/YeW5Tw;ALLOY_DIFF_PROP_NET;1;true;;30000;280095;6302
STANFORD/checkersonabarrelnokings/Zrevdw;ALLOY_DIFF_PROP_NET;1;true;;30000;1004641;20642
DRESDEN/3qbf-5cnf-20var-40cl.0.qdimacs/-6hrIw;ALLOY_DIFF_PROP_NET;1;true;;30000;12777050;217461
BASE/colonelBlottoVariant2/jruwGw;ALLOY_DIFF_PROP_NET;1;true;;30000;1430473;286253
DRESDEN/snake_2008/E56l3A;ALLOY_DIFF_PROP_NET;1;true;;30000;1201813;75217
BASE/pentagoSuicide/SBgNhw;ALLOY_DIFF_PROP_NET;1;true;;30000;2648790;48435
DRESDEN/max_knights/hCipiA;ALLOY_DIFF_PROP_NET;1;true;;30000;942147;178335
BASE/escortLatch/mX9BjQ;ALLOY_DIFF_PROP_NET;1;true;;30000;1028557;17443
STANFORD/threepuzzle/41ibjA;ALLOY_DIFF_PROP_NET;1;true;;30000;6695917;1115986
BASE/haystack/UkweGA;ALLOY_DIFF_PROP_NET;1;true;;30000;25507818;8501153
BASE/mummymaze1p/PT_EXA;ALLOY_DIFF_PROP_NET;1;false;Exception of type NullPointerException;0;0;0
BASE/checkers-cylinder-mustjump/rjr6qQ;ALLOY_DIFF_PROP_NET;1;true;;30000;287875;6479
DRESDEN/knightstour/cGISAA;ALLOY_DIFF_PROP_NET;1;true;;30000;3910962;804910
BASE/amazons/RKKZjw;ALLOY_DIFF_PROP_NET;1;true;;30000;6142;85
DRESDEN/quad_7x7/q-JOXg;ALLOY_DIFF_PROP_NET;1;true;;30000;970110;32134
BASE/ticTacToe/JRFsaQ;ALLOY_DIFF_PROP_NET;1;true;;30000;7057534;925380
DRESDEN/tictactoe-init1/3ltIBQ;ALLOY_DIFF_PROP_NET;1;true;;30000;7873498;2249575
DRESDEN/SC_TestOnly_enabled/09o7gQ;ALLOY_DIFF_PROP_NET;1;true;;30000;7169428;796603
BASE/sudoku/NTaNkw;ALLOY_DIFF_PROP_NET;1;false;Test process timed out after 240 seconds;0;0;0
DRESDEN/troublemaker02/iZLVuA;ALLOY_DIFF_PROP_NET;1;true;;30000;17004739;5667481
BASE/checkLines/Vop7oQ;ALLOY_DIFF_PROP_NET;1;true;;30000;3760403;244706
BASE/sudokuGrade4/DTy07w;ALLOY_DIFF_PROP_NET;1;true;;30000;311434;7972
BASE/amazonsSuicide/dE1QEQ;ALLOY_DIFF_PROP_NET;1;false;Test process timed out after 240 seconds;0;0;0
STANFORD/tictactoe7/-bE9-A;ALLOY_DIFF_PROP_NET;1;true;;30000;7724423;1393370
BASE/nonogram_5x5_1/qLKEZw;ALLOY_DIFF_PROP_NET;1;true;;30000;4736910;812539
DRESDEN/blocker/S815zQ;ALLOY_DIFF_PROP_NET;1;true;;30000;10676411;1353682
DRESDEN/3qbf-5cnf-20var-40cl.1.qdimacs.SAT/2034pg;ALLOY_DIFF_PROP_NET;1;true;;30000;14627003;251151
BASE/gt_chicken/gmepTQ;ALLOY_DIFF_PROP_NET;1;true;;30000;1253311;62665
BASE/sudokuGrade3/eI8dvg;ALLOY_DIFF_PROP_NET;1;true;;30000;314396;8101
DRESDEN/golden_rectangle/1uloXw;ALLOY_DIFF_PROP_NET;1;true;;30000;2204262;74199
STANFORD/3puzzle/41ibjA;ALLOY_DIFF_PROP_NET;1;true;;30000;6781849;1130308
BASE/dualConnect4/WbCQkg;ALLOY_DIFF_PROP_NET;1;true;;30000;5335444;170585
BASE/blockerParallel/7-nDJA;ALLOY_DIFF_PROP_NET;1;true;;30000;1005071;143852
DRESDEN/amazons/dNB28A;ALLOY_DIFF_PROP_NET;1;true;;30000;6278;87
BASE/pacman3p/wW7UVQ;ALLOY_DIFF_PROP_NET;1;true;;30000;1037722;20979
STANFORD/pentago/ZxzLmg;ALLOY_DIFF_PROP_NET;1;true;;30000;2694214;49259
BASE/lightsOnParallel/SC6enA;ALLOY_DIFF_PROP_NET;1;true;;30000;15451280;779845
DRESDEN/hanoi7/51zz5Q;ALLOY_DIFF_PROP_NET;1;true;;30000;6596745;51942
BASE/sudokuGrade5/BQfUQA;ALLOY_DIFF_PROP_NET;1;true;;30000;319688;8305
BASE/blockerSerial/3eqDuw;ALLOY_DIFF_PROP_NET;1;true;;30000;2436017;154397
BASE/3pConnectFour/PqXOFQ;ALLOY_DIFF_PROP_NET;1;true;;30000;6836982;195595
BASE/slidingpieces/uFJWEw;ALLOY_DIFF_PROP_NET;1;true;;30000;2217310;27374
BASE/twisty-passages/DiZmmg;ALLOY_DIFF_PROP_NET;1;true;;30000;4557880;22903
BASE/lightsOut/5P1ZBw;ALLOY_DIFF_PROP_NET;1;true;;30000;5378330;268916
DRESDEN/pancakes88/aD3E7g;ALLOY_DIFF_PROP_NET;1;false;Test process timed out after 240 seconds;0;0;0
BASE/ticTicToe/c1OobQ;ALLOY_DIFF_PROP_NET;1;true;;30000;3200091;637284
DRESDEN/checkers/jIDMIg;ALLOY_DIFF_PROP_NET;1;false;IllegalArgumentException: Cartesian product too large, must have size at most Integer.MAX_VALUE;0;0;0
DRESDEN/backgammon/mqCW0Q;ALLOY_DIFF_PROP_NET;1;true;;30000;795839;4303
DRESDEN/nim4/F5YAYg;ALLOY_DIFF_PROP_NET;1;true;;30000;3060144;228362
BASE/pancakes/yUgbXw;ALLOY_DIFF_PROP_NET;1;true;;30000;975868;24605
DRESDEN/quad_5x5/JAEP5g;ALLOY_DIFF_PROP_NET;1;true;;30000;2242545;155461
BASE/3pttc/0sol9g;ALLOY_DIFF_PROP_NET;1;true;;30000;1223933;42100
STANFORD/knightstour/cEwgNA;ALLOY_DIFF_PROP_NET;1;true;;30000;9685309;1993173
BASE/incredible/8Qh-6Q;ALLOY_DIFF_PROP_NET;1;true;;30000;3464981;182369
DRESDEN/latenttictactoe/kITHKg;ALLOY_DIFF_PROP_NET;1;true;;30000;2505583;237882
BASE/wallmaze/uxNQ9g;ALLOY_DIFF_PROP_NET;1;true;;30000;3949843;136201
DRESDEN/pacman3p/rBnk8Q;ALLOY_DIFF_PROP_NET;1;true;;30000;651830;13276
BASE/doubletoetictac/fu35bg;ALLOY_DIFF_PROP_NET;1;true;;30000;3276136;392902
BASE/checkers-mustjump/T-8UuQ;ALLOY_DIFF_PROP_NET;1;true;;30000;415576;8061
BASE/sudokuGrade6H/ieE_9A;ALLOY_DIFF_PROP_NET;1;true;;30000;279648;5893
BASE/hitori/S8Gsyg;ALLOY_DIFF_PROP_NET;1;true;;30000;1819005;18841
BASE/checkersTorusNoKings/pwb6oQ;ALLOY_DIFF_PROP_NET;1;true;;30000;929999;15359
BASE/roshambo2/KNPokQ;ALLOY_DIFF_PROP_NET;1;true;;30000;4258479;500937
DRESDEN/guess/PhxGhg;ALLOY_DIFF_PROP_NET;1;true;;30000;1026028;115327
BASE/duplicateStateSmall/bCPAXw;ALLOY_DIFF_PROP_NET;1;true;;30000;21255623;5313905
STANFORD/dualhunter/1rPZjQ;ALLOY_DIFF_PROP_NET;1;true;;30000;1676488;119749
BASE/gt_prisoner/klthDw;ALLOY_DIFF_PROP_NET;1;true;;30000;1300059;65002
BASE/four_way_battle/xSOQXA;ALLOY_DIFF_PROP_NET;1;true;;30000;813986;26183
STANFORD/jointbuttonsandlights/qAKuIQ;ALLOY_DIFF_PROP_NET;1;true;;30000;9843890;1707535
BASE/4pttc/AL1k2Q;ALLOY_DIFF_PROP_NET;1;true;;30000;1308375;41603
DRESDEN/babel/WdSW4A;ALLOY_DIFF_PROP_NET;1;true;;30000;1969859;98492
DRESDEN/pawn_whopping_simultaneous/r8dLfw;ALLOY_DIFF_PROP_NET;1;true;;30000;2421987;133775
DRESDEN/knightfight/4_Ly4w;ALLOY_DIFF_PROP_NET;1;true;;30000;541608;50145
DRESDEN/checkers-mustjump-torus/cVc3gA;ALLOY_DIFF_PROP_NET;1;false;IllegalArgumentException: Cartesian product too large, must have size at most Integer.MAX_VALUE;0;0;0
DRESDEN/oisters_farm/pTQMLg;ALLOY_DIFF_PROP_NET;1;true;;30000;26318743;537151
BASE/tron_10x10/7ZTgDg;ALLOY_DIFF_PROP_NET;1;true;;30000;1059673;353068
DRESDEN/8puzzle/8fKC2w;ALLOY_DIFF_PROP_NET;1;true;;30000;1015601;16926
BASE/stateSpaceSmall/Q7osKA;ALLOY_DIFF_PROP_NET;1;true;;30000;23028927;5757231
BASE/stateSpaceLarge/0Ge_CQ;ALLOY_DIFF_PROP_NET;1;true;;30000;8569190;612085
STANFORD/multiplebuttonsandlights/cK70Yg;ALLOY_DIFF_PROP_NET;1;true;;30000;23605853;3934308
DRESDEN/blobwars/ZaMluQ;ALLOY_DIFF_PROP_NET;1;true;;30000;177825;4446
BASE/snakeParallel/RCVNtw;ALLOY_DIFF_PROP_NET;1;true;;30000;5016464;1085842
BASE/maze/cCX3qQ;ALLOY_DIFF_PROP_NET;1;true;;30000;14715128;1675679
BASE/shmup/ssTNlg;ALLOY_DIFF_PROP_NET;1;true;;30000;522868;63134
BASE/breakthroughSmallHoles/bxclRw;ALLOY_DIFF_PROP_NET;1;true;;30000;3994168;153968
BASE/coins/QnGtnQ;ALLOY_DIFF_PROP_NET;1;true;;30000;2266036;906239
BASE/ticTacHeaven/18n58A;ALLOY_DIFF_PROP_NET;1;true;;30000;1534425;66209
STANFORD/chinook/osFbPA;ALLOY_DIFF_PROP_NET;1;true;;30000;515249;12881
BASE/hexPie/48CH6Q;ALLOY_DIFF_PROP_NET;1;true;;30000;247845;3500
DRESDEN/lightsout2/LFtfyQ;ALLOY_DIFF_PROP_NET;1;true;;30000;5196043;259802
BASE/tictactoe_3d_2player/IUC1rQ;ALLOY_DIFF_PROP_NET;1;true;;30000;2489785;70283
BASE/crisscross/ICagEg;ALLOY_DIFF_PROP_NET;1;true;;30000;651062;25127
DRESDEN/statespacelarge/8-y5HQ;ALLOY_DIFF_PROP_NET;1;true;;30000;12037752;859839
DRESDEN/twisty-passages/j7NPyg;ALLOY_DIFF_PROP_NET;1;true;;30000;4617067;23201
STANFORD/eightpuzzle/W_aWbA;ALLOY_DIFF_PROP_NET;1;true;;30000;1129352;22587
BASE/ghostMaze2p/W-NU-w;ALLOY_DIFF_PROP_NET;1;true;;30000;3134931;64789
DRESDEN/vacuumcleaner_obstacles_6/NVwsZw;ALLOY_DIFF_PROP_NET;1;false;Test process timed out after 240 seconds;0;0;0
DRESDEN/merrills/aYEzwA;ALLOY_DIFF_PROP_NET;1;false;OutOfMemoryError: GC overhead limit exceeded;0;0;0
DRESDEN/lightsout/XgLpzQ;ALLOY_DIFF_PROP_NET;1;true;;30000;5114641;255732
STANFORD/bestbuttonsandlights/nm0wEA;ALLOY_DIFF_PROP_NET;1;true;;30000;13041700;2173616
DRESDEN/ggp-course2013_jordi/9QI6Kw;ALLOY_DIFF_PROP_NET;1;true;;30000;1346975;41838
STANFORD/nineboardtictactoe/y28P-A;ALLOY_DIFF_PROP_NET;1;true;;30000;2062635;70418
DRESDEN/tictactoelargesuicide/6J4DeA;ALLOY_DIFF_PROP_NET;1;true;;30000;8184014;345033
BASE/queens06ug/7Lq3tw;ALLOY_DIFF_PROP_NET;1;true;;30000;6107074;1017845
BASE/crossers3/O0rORg;ALLOY_DIFF_PROP_NET;1;true;;30000;105063;7949
BASE/copolymer_4_pie/IN5_jA;ALLOY_DIFF_PROP_NET;1;true;;30000;2987940;83339
DRESDEN/statespacemedium/dVJZ_w;ALLOY_DIFF_PROP_NET;1;true;;30000;16678446;1853160
BASE/skirmishFinal3/-Olhfw;ALLOY_DIFF_PROP_NET;1;true;;30000;179304;3039
BASE/duplicateStateMedium/U163eQ;ALLOY_DIFF_PROP_NET;1;true;;30000;13595243;1510582
DRESDEN/vacuumcleaner_obstacles_5/fXBV4g;ALLOY_DIFF_PROP_NET;1;false;Test process timed out after 240 seconds;0;0;0
BASE/switches/tPUoCg;ALLOY_DIFF_PROP_NET;1;true;;30000;11703027;11703027
BASE/snake2p/I3wWPQ;ALLOY_DIFF_PROP_NET;1;true;;30000;2439870;1827386
STANFORD/freeforall/Lfp40Q;ALLOY_DIFF_PROP_NET;1;true;;30000;1815815;60527
DRESDEN/tictactoe_3d_6player/ulZPWg;ALLOY_DIFF_PROP_NET;1;true;;30000;2966661;29237
DRESDEN/nim1/M9BALA;ALLOY_DIFF_PROP_NET;1;true;;30000;6978917;1016086
BASE/tictactoex9/BI26ow;ALLOY_DIFF_PROP_NET;1;true;;30000;745991;25456
BASE/futoshiki4/BaCwSw;ALLOY_DIFF_PROP_NET;1;true;;30000;4157955;451107
DRESDEN/uf20-010.cnf.SAT/5ICbCg;ALLOY_DIFF_PROP_NET;1;true;;30000;10981754;549087
DRESDEN/cylinder-checkers/clOO3Q;ALLOY_DIFF_PROP_NET;1;false;IllegalArgumentException: Cartesian product too large, must have size at most Integer.MAX_VALUE;0;0;0
BASE/tictactoe_3d_small_2player/oOryKA;ALLOY_DIFF_PROP_NET;1;true;;30000;4348359;353426
DRESDEN/breakthroughsuicide/Y9QzqQ;ALLOY_DIFF_PROP_NET;1;true;;30000;741611;11526
BASE/nim4/twk16w;ALLOY_DIFF_PROP_NET;1;true;;30000;3115559;232599
BASE/biddingTicTacToe_10coins/a-9ccQ;ALLOY_DIFF_PROP_NET;1;true;;30000;1178168;79878
DRESDEN/sat_test_20v_91c_version2/a1mPBA;ALLOY_DIFF_PROP_NET;1;true;;30000;10045720;502286
STANFORD/skirmish/w4V6Vw;ALLOY_DIFF_PROP_NET;1;true;;30000;161203;1628
BASE/ticTacToeSerial/Amrwqw;ALLOY_DIFF_PROP_NET;1;true;;30000;3603115;236137
BASE/withConviction/3Xm54A;ALLOY_DIFF_PROP_NET;1;true;;30000;3348670;133947
DRESDEN/catch_me/ghGWrA;ALLOY_DIFF_PROP_NET;1;true;;30000;5964708;176043
BASE/hodgepodge/9yjRkw;ALLOY_DIFF_PROP_NET;1;true;;30000;3978123;3978123
BASE/endgame/jYjfOA;ALLOY_DIFF_PROP_NET;1;true;;30000;335922;23994
DRESDEN/kalaha_2009/gcC8uA;ALLOY_DIFF_PROP_NET;1;true;;30000;52143;624
DRESDEN/chinesecheckers6/yTbPDA;ALLOY_DIFF_PROP_NET;1;true;;30000;222629;3775
BASE/nim2/eF2Qqw;ALLOY_DIFF_PROP_NET;1;true;;30000;5239317;591544
DRESDEN/ggp-course2013_michal13/jWKddg;ALLOY_DIFF_PROP_NET;1;true;;30000;2679484;83218
DRESDEN/CephalopodMicro/H3XQfg;ALLOY_DIFF_PROP_NET;1;true;;30000;1454712;33151
BASE/sheepAndWolf/g4THrg;ALLOY_DIFF_PROP_NET;1;true;;30000;750383;18250
BASE/futoshiki5/TJ4BZg;ALLOY_DIFF_PROP_NET;1;true;;30000;2622379;192670
STANFORD/multiplebuttonsandlights_9/SqB9BA;ALLOY_DIFF_PROP_NET;1;true;;30000;23560888;3926829
DRESDEN/3pttc/uwYBZw;ALLOY_DIFF_PROP_NET;1;true;;30000;1439878;49247
DRESDEN/tictactoeparallel/yk_DSg;ALLOY_DIFF_PROP_NET;1;true;;30000;1659456;239983
STANFORD/ttcc4/Cx9SGw;ALLOY_DIFF_PROP_NET;1;true;;30000;831666;15235
BASE/nineBoardTicTacToe/wRmqqA;ALLOY_DIFF_PROP_NET;1;true;;30000;2062283;70574
BASE/onestep/xi53wA;ALLOY_DIFF_PROP_NET;1;true;;30000;25152131;25152131
DRESDEN/crisscross/GsY16g;ALLOY_DIFF_PROP_NET;1;true;;30000;647916;25039
BASE/asteroidsParallel/WauZiA;ALLOY_DIFF_PROP_NET;1;true;;30000;3245907;73575
STANFORD/buttonsandlights/eyhJpA;ALLOY_DIFF_PROP_NET;1;true;;30000;27686589;4614431
BASE/eotcitcit/V_9_bg;ALLOY_DIFF_PROP_NET;1;true;;30000;3095657;616443
BASE/blocksWorldSerial/Wyg96Q;ALLOY_DIFF_PROP_NET;1;true;;30000;5508066;918011
DRESDEN/3qbf-5cnf-20var-40cl.1.qdimacs.viz.SAT/2034pg;ALLOY_DIFF_PROP_NET;1;true;;30000;13632218;234067
BASE/amazons_8x8/7SOsIw;ALLOY_DIFF_PROP_NET;1;true;;30000;655532;7187
BASE/nim3/1OwUqw;ALLOY_DIFF_PROP_NET;1;true;;30000;2674191;201687
STANFORD/hex/MTqWcw;ALLOY_DIFF_PROP_NET;1;true;;30000;242097;3409
BASE/checkersTorus/2vm1EQ;ALLOY_DIFF_PROP_NET;1;true;;30000;787283;13301
DRESDEN/knightmove/97Ipcw;ALLOY_DIFF_PROP_NET;1;true;;30000;6370495;180743
BASE/queens31lg/0gID-A;ALLOY_DIFF_PROP_NET;1;true;;30000;646756;25449
DRESDEN/othello-cornercontrol/r5Gdlg;ALLOY_DIFF_PROP_NET;1;true;;30000;259577;5608
BASE/coloredtrails/EZvr7g;ALLOY_DIFF_PROP_NET;1;true;;30000;796455;88495
BASE/factoringGeorgeForman/HGRorQ;ALLOY_DIFF_PROP_NET;1;true;;30000;26886509;563481
BASE/englishDraughts/jFkQxg;ALLOY_DIFF_PROP_NET;1;true;;30000;1427888;20749
BASE/toetictac/mTThmg;ALLOY_DIFF_PROP_NET;1;true;;30000;6606134;866433
BASE/factoringMediumTurtleBrain/8RBqmQ;ALLOY_DIFF_PROP_NET;1;true;;30000;10577761;125925
BASE/skirmishFinal1/ecWTnQ;ALLOY_DIFF_PROP_NET;1;true;;30000;153162;2596
BASE/lightsOn/MsXu3A;ALLOY_DIFF_PROP_NET;1;true;;30000;25421813;2038411
BASE/amazonsSuicide_10x10/XIbQkg;ALLOY_DIFF_PROP_NET;1;true;;30000;424100;3114
DRESDEN/blocks2player/3ev8nQ;ALLOY_DIFF_PROP_NET;1;true;;30000;4120443;228916
DRESDEN/knightazons/02I8BQ;ALLOY_DIFF_PROP_NET;1;true;;30000;120175;1817
BASE/ticTacToeLargeSuicide/727_8g;ALLOY_DIFF_PROP_NET;1;true;;30000;7425063;313076
BASE/connectFourSimultaneous/7ITr3g;ALLOY_DIFF_PROP_NET;1;true;;30000;4059162;228018
BASE/untwistycomplex2/EDPPAQ;ALLOY_DIFF_PROP_NET;1;true;;30000;25430865;3632980
BASE/knightsTourLarge/M8jgLA;ALLOY_DIFF_PROP_NET;1;true;;30000;5414681;903776
DRESDEN/mummymaze2p/k-8edg;ALLOY_DIFF_PROP_NET;1;true;;30000;2725482;55433
BASE/amazonsTorus_10x10/Uxc08g;ALLOY_DIFF_PROP_NET;1;true;;30000;279858;1801
BASE/kalaha6x2x4/XS81Mg;ALLOY_DIFF_PROP_NET;1;true;;30000;217032;1162
DRESDEN/double_tictactoe_dengji/bGaUyQ;ALLOY_DIFF_PROP_NET;1;true;;30000;3213393;225887
BASE/gt_two_thirds_2p/1APDGg;ALLOY_DIFF_PROP_NET;1;true;;30000;80950;80950
DRESDEN/chickentoetictac/cxYaRQ;ALLOY_DIFF_PROP_NET;1;true;;30000;5512028;775317
STANFORD/rainbow/_4qNSQ;ALLOY_DIFF_PROP_NET;1;true;;30000;14973395;2495565
BASE/chineseCheckers2/eCMR3Q;ALLOY_DIFF_PROP_NET;1;true;;30000;4449141;117825
BASE/connectFour/WAIKTw;ALLOY_DIFF_PROP_NET;1;true;;30000;8119658;363518
BASE/othelloSuicide/B442jg;ALLOY_DIFF_PROP_NET;1;true;;30129;93246;1543
BASE/chineseCheckers4/avfBcQ;ALLOY_DIFF_PROP_NET;1;true;;30000;3063332;53067
BASE/ad_game_2x2/D0aWqg;ALLOY_DIFF_PROP_NET;1;true;;30000;404388;212005
BASE/checkers-newgoals/0XkFiA;ALLOY_DIFF_PROP_NET;1;true;;30000;540688;5521
STANFORD/tictactoe3/X7myng;ALLOY_DIFF_PROP_NET;1;true;;30000;12081366;4530141
DRESDEN/tictactoe/BTTzPw;ALLOY_DIFF_PROP_NET;1;true;;30000;6224806;816181
DRESDEN/roshambo2/jgSlkQ;ALLOY_DIFF_PROP_NET;1;true;;30000;4243762;499131
DRESDEN/battlebrushes/QHXV4A;ALLOY_DIFF_PROP_NET;1;true;;30004;33764;1777
BASE/chineseCheckers3/-1rZdQ;ALLOY_DIFF_PROP_NET;1;true;;30000;3411450;62942
BASE/colonelBlotto/jip21A;ALLOY_DIFF_PROP_NET;1;true;;30000;192956;38591
DRESDEN/laikLee_hex/ZeP3QQ;ALLOY_DIFF_PROP_NET;1;false;Test process timed out after 240 seconds;0;0;0
BASE/reversi/d8UMeA;ALLOY_DIFF_PROP_NET;1;true;;30000;480391;7952
DRESDEN/blocksworldparallel/2JfVaw;ALLOY_DIFF_PROP_NET;1;true;;30000;2279013;759671
DRESDEN/3qbf-5cnf-20var-40cl.2.qdimacs.SAT/Q8-axQ;ALLOY_DIFF_PROP_NET;1;true;;30000;12958248;221413
DRESDEN/gt_chicken/CeuKtw;ALLOY_DIFF_PROP_NET;1;true;;30000;1326977;66348
DRESDEN/grid_game/U7_Yeg;ALLOY_DIFF_PROP_NET;1;true;;30000;1811467;51263
BASE/gt_staghunt/xPjLRA;ALLOY_DIFF_PROP_NET;1;true;;30000;1300370;65018
BASE/ttcc4_2player/_aH_Mw;ALLOY_DIFF_PROP_NET;1;true;;30000;921567;23024
DRESDEN/bidding-tictactoe_10coins/mu5VhQ;ALLOY_DIFF_PROP_NET;1;true;;30000;1134428;76867
DRESDEN/hanoi/RQ0jiA;ALLOY_DIFF_PROP_NET;1;true;;30000;6970059;224840
DRESDEN/quad/JPe6fg;ALLOY_DIFF_PROP_NET;1;true;;30000;367739;7919
DRESDEN/satlike_20v_91c/yeuENQ;ALLOY_DIFF_PROP_NET;1;true;;30000;28365;1418
BASE/tpeg/QNs7Lw;ALLOY_DIFF_PROP_NET;1;true;;30000;1141495;93852
DRESDEN/troublemaker01/C-lPWw;ALLOY_DIFF_PROP_NET;1;true;;30000;19936898;6646037
DRESDEN/blockerparallel/dVQgSg;ALLOY_DIFF_PROP_NET;1;true;;30000;1011540;144831
BASE/chineseCheckers6/rREH3A;ALLOY_DIFF_PROP_NET;1;true;;30000;2834304;47251
BASE/bunk_t/xbpfIA;ALLOY_DIFF_PROP_NET;1;true;;30000;3690788;442802
STANFORD/madness/UO_B3A;ALLOY_DIFF_PROP_NET;1;true;;30000;195110;3307
BASE/othello-comp2007/86ZoMw;ALLOY_DIFF_PROP_NET;1;true;;30002;95286;1577
DRESDEN/circlesolitaire/ruUilQ;ALLOY_DIFF_PROP_NET;1;true;;30000;6606509;641266
BASE/stateSpaceMedium/3bUoIw;ALLOY_DIFF_PROP_NET;1;true;;30000;15849545;1761060
STANFORD/sudoku/oJ1qyQ;ALLOY_DIFF_PROP_NET;1;true;;30000;301532;7311
STANFORD/multipletictactoe/_bkafQ;ALLOY_DIFF_PROP_NET;1;true;;30000;2526713;140793
BASE/quad_7x7/q-JOXg;ALLOY_DIFF_PROP_NET;1;true;;30000;1022031;33783
DRESDEN/tpeg/h-Scbg;ALLOY_DIFF_PROP_NET;1;true;;30000;1153810;94634
DRESDEN/doubletoetictac/V89gKQ;ALLOY_DIFF_PROP_NET;1;true;;30000;3338822;400467
BASE/2pttc/unkkYA;ALLOY_DIFF_PROP_NET;1;true;;30000;1832258;66412
BASE/connectFourLarge/aU644A;ALLOY_DIFF_PROP_NET;1;true;;30000;4788562;182455
DRESDEN/gt_prisoner/huCp4w;ALLOY_DIFF_PROP_NET;1;true;;30000;1185145;59257
DRESDEN/javastrike/whONTQ;ALLOY_DIFF_PROP_NET;1;true;;30000;230388;478
DRESDEN/pawntoqueen/f_x6Aw;ALLOY_DIFF_PROP_NET;1;true;;30000;735718;55766
DRESDEN/stratego/Z2wovg;ALLOY_DIFF_PROP_NET;1;true;;30000;1179955;28527
DRESDEN/ticblock/Z2yNWQ;ALLOY_DIFF_PROP_NET;1;true;;30000;4771702;288944
BASE/speedChess/bPnisA;ALLOY_DIFF_PROP_NET;1;true;;30000;198049;1795
DRESDEN/sum15/CsgWKg;ALLOY_DIFF_PROP_NET;1;true;;30000;4710252;617406
DRESDEN/grid_game2/kypTYQ;ALLOY_DIFF_PROP_NET;1;true;;30000;5715371;116935
BASE/ttcc4_2player_alt/ZEJvYA;ALLOY_DIFF_PROP_NET;1;true;;30000;1136624;31097
BASE/brain_teaser_extended/ZDp94A;ALLOY_DIFF_PROP_NET;1;true;;30000;6355347;423690
BASE/beatMania/qUHwvQ;ALLOY_DIFF_PROP_NET;1;true;;30000;6672222;111203
DRESDEN/tictactoe_3d_small_6player/llDEDQ;ALLOY_DIFF_PROP_NET;1;true;;30000;3742893;104596
STANFORD/dualrainbow/G3OnRQ;ALLOY_DIFF_PROP_NET;1;true;;30000;8813402;1468900
BASE/pentago/86NgKw;ALLOY_DIFF_PROP_NET;1;true;;30000;3048522;55741
DRESDEN/Runners/3bOCQw;ALLOY_DIFF_PROP_NET;1;true;;30000;4196207;85643
STANFORD/untwistycorridor/EDPPAQ;ALLOY_DIFF_PROP_NET;1;true;;30000;25081285;3583040
BASE/amazonsTorus/soxT8g;ALLOY_DIFF_PROP_NET;1;false;Test process timed out after 240 seconds;0;0;0
DRESDEN/checkers-newgoals/IJOqXQ;ALLOY_DIFF_PROP_NET;1;false;IllegalArgumentException: Cartesian product too large, must have size at most Integer.MAX_VALUE;0;0;0
BASE/connectFour_9x6/B9TtMw;ALLOY_DIFF_PROP_NET;1;true;;30000;6963563;299182
DRESDEN/breakthrough/z4hK7Q;ALLOY_DIFF_PROP_NET;1;true;;30000;773062;12041
BASE/catcha_mouse/cHv4dw;ALLOY_DIFF_PROP_NET;1;true;;30000;1824573;136657
BASE/quad/tw-Ufg;ALLOY_DIFF_PROP_NET;1;true;;30000;368084;7967
BASE/knightThrough/gcwFjA;ALLOY_DIFF_PROP_NET;1;true;;30000;713869;21262
DRESDEN/lightson2x2/gBHuig;ALLOY_DIFF_PROP_NET;1;true;;30000;16196141;1619614
DRESDEN/bidding-tictactoe/yW5vTA;ALLOY_DIFF_PROP_NET;1;true;;30000;2030883;138411
BASE/qyshinsu/R08Lzw;ALLOY_DIFF_PROP_NET;1;true;;30000;983201;41384
DRESDEN/queens/mW2wHQ;ALLOY_DIFF_PROP_NET;1;true;;30000;609694;60969
DRESDEN/uf20-010.cnf.SAT.satlike/g7LF6g;ALLOY_DIFF_PROP_NET;1;true;;30000;28347;1417
BASE/mummyMaze2p_2007/YGA3Vw;ALLOY_DIFF_PROP_NET;1;true;;30000;2834896;60287
DRESDEN/brain_teaser_extended/ZDp94A;ALLOY_DIFF_PROP_NET;1;true;;30000;6388036;425869
BASE/dotsAndBoxesSuicide/jzQbLw;ALLOY_DIFF_PROP_NET;1;true;;30000;2645687;44094
STANFORD/knightstourbig/TQUI2g;ALLOY_DIFF_PROP_NET;1;true;;30000;4378646;764836
BASE/cittaceot/fDxhXg;ALLOY_DIFF_PROP_NET;1;true;;30000;1266273;58585
DRESDEN/coins/QwFP9w;ALLOY_DIFF_PROP_NET;1;true;;30000;2268212;907034
BASE/mineClearingSmall/frsbvw;ALLOY_DIFF_PROP_NET;1;true;;30000;1160883;97799
BASE/knightsTour/mvtVIg;ALLOY_DIFF_PROP_NET;1;true;;30000;9230805;1898608
BASE/eightPuzzle/vLrgFg;ALLOY_DIFF_PROP_NET;1;true;;30000;945884;15764
BASE/smallest_4player/ADDROA;ALLOY_DIFF_PROP_NET;1;true;;30000;2124946;90075
BASE/blocks/xIV5hQ;ALLOY_DIFF_PROP_NET;1;true;;30000;7826497;2608832
DRESDEN/racer/vk_ZBA;ALLOY_DIFF_PROP_NET;1;true;;30000;82145;5942
BASE/aipsrovers01/4C4jsw;ALLOY_DIFF_PROP_NET;1;true;;30000;2624607;90687
BASE/nim1/hin2Qw;ALLOY_DIFF_PROP_NET;1;true;;30000;6706438;976531
BASE/checkersSmall/SYmq8w;ALLOY_DIFF_PROP_NET;1;true;;30000;746153;7948
BASE/colonelBlottoVariant/X-n-KQ;ALLOY_DIFF_PROP_NET;1;true;;30000;1852969;185296
BASE/gt_attrition/kD_SCA;ALLOY_DIFF_PROP_NET;1;true;;30000;289955;57991
DRESDEN/crossers3/xiPTxg;ALLOY_DIFF_PROP_NET;1;true;;30002;103098;7810
BASE/tictactoe-init1/7M19vA;ALLOY_DIFF_PROP_NET;1;true;;30000;8135092;2323975
BASE/dotsAndBoxes/EHwA_w;ALLOY_DIFF_PROP_NET;1;true;;30000;2547881;42464
BASE/guess/SPpk1A;ALLOY_DIFF_PROP_NET;1;true;;30000;903772;101642
BASE/hanoi7_bugfix/3gdnFw;ALLOY_DIFF_PROP_NET;1;true;;30000;5848404;46050
BASE/kalaha5x2x3/WviNsw;ALLOY_DIFF_PROP_NET;1;true;;30000;463400;4708
BASE/tictactoe_orthogonal/WRzlVw;ALLOY_DIFF_PROP_NET;1;true;;30000;6015466;751213
DRESDEN/bunk_t/7-tPfA;ALLOY_DIFF_PROP_NET;1;true;;30000;3297898;395532
DRESDEN/minichess/c7GMFw;ALLOY_DIFF_PROP_NET;1;true;;30000;1334324;150932
BASE/alexChess/LNo83g;ALLOY_DIFF_PROP_NET;1;false;Test process timed out after 240 seconds;0;0;0
BASE/double_tictactoe_dengji/zgaSbA;ALLOY_DIFF_PROP_NET;1;true;;30000;2969347;208775
BASE/knightazons/apnJBQ;ALLOY_DIFF_PROP_NET;1;true;;30000;117856;1785
BASE/tictactoe_3player/GtM71g;ALLOY_DIFF_PROP_NET;1;true;;30000;2211327;108767
DRESDEN/catcha_mouse/cHv4dw;ALLOY_DIFF_PROP_NET;1;true;;30000;2116482;158969
BASE/quartoSuicide/-23jUg;ALLOY_DIFF_PROP_NET;1;true;;30000;881209;37816
DRESDEN/satlike_20v_91c_version2/yd9ioQ;ALLOY_DIFF_PROP_NET;1;true;;30000;30011;1500
DRESDEN/peg_bugfixed/u_B7MA;ALLOY_DIFF_PROP_NET;1;true;;30000;1209454;49637
BASE/knightfight/SJRkAg;ALLOY_DIFF_PROP_NET;1;true;;30000;473129;43781
DRESDEN/breakthroughsuicide_v2/LU1nAw;ALLOY_DIFF_PROP_NET;1;true;;30000;760161;11835
BASE/numbertictactoe/rvJ-iQ;ALLOY_DIFF_PROP_NET;1;true;;30000;3046551;379138
DRESDEN/toetictac/mJtxCA;ALLOY_DIFF_PROP_NET;1;true;;30000;6587261;863518
BASE/biddingTicTacToe/8mESVw;ALLOY_DIFF_PROP_NET;1;true;;30000;2144573;146185
BASE/nineBoardTicTacToePie/B8LzeQ;ALLOY_DIFF_PROP_NET;1;true;;30000;1362691;46450
DRESDEN/pancakes6/SZXMyQ;ALLOY_DIFF_PROP_NET;1;true;;30000;959784;24194
DRESDEN/connect5/1kYzSg;ALLOY_DIFF_PROP_NET;1;true;;30000;658490;14329
DRESDEN/ghostmaze2p/HY0UwA;ALLOY_DIFF_PROP_NET;1;true;;30000;3111569;64314
BASE/chickentictactoe/DSlZCA;ALLOY_DIFF_PROP_NET;1;true;;30000;5410371;761051
BASE/queens/HyJJnQ;ALLOY_DIFF_PROP_NET;1;true;;30000;635211;63521
BASE/skirmish/Y_psYQ;ALLOY_DIFF_PROP_NET;1;true;;30000;104157;1052
DRESDEN/buttons/ADUaHw;ALLOY_DIFF_PROP_NET;1;true;;30000;16853668;2808944
DRESDEN/minichess-evilconjuncts/th24Tw;ALLOY_DIFF_PROP_NET;1;true;;30000;1385099;156660
BASE/pawnWhopping/Ypc_6Q;ALLOY_DIFF_PROP_NET;1;true;;30000;3271176;95551
DRESDEN/nim2/z5_exA;ALLOY_DIFF_PROP_NET;1;true;;30000;5341866;603268
BASE/golden_rectangle/_nYzfw;ALLOY_DIFF_PROP_NET;1;true;;30000;2173849;73209
DRESDEN/vacuumcleaner_random_big/DwzFaQ;ALLOY_DIFF_PROP_NET;1;false;Test process timed out after 240 seconds;0;0;0
BASE/snake_2008_tweaked/bX0NJQ;ALLOY_DIFF_PROP_NET;1;true;;30000;1208305;75248
BASE/ttcc4_2player_small/Cv72TA;ALLOY_DIFF_PROP_NET;1;true;;30000;1875726;122843
BASE/ruleDepthLinear/OUBJpQ;ALLOY_DIFF_PROP_NET;1;true;;30000;10623321;5312932
DRESDEN/knightthrough/J7Fc_Q;ALLOY_DIFF_PROP_NET;1;true;;30000;701323;20867
STANFORD/untwistycomplex/HTWEwg;ALLOY_DIFF_PROP_NET;1;true;;30000;25525615;2836179
DRESDEN/tictactoe_3d_small_2player/HYttcg;ALLOY_DIFF_PROP_NET;1;true;;30000;4297187;349244
DRESDEN/aipsrovers01/qS47Mw;ALLOY_DIFF_PROP_NET;1;true;;30000;2630455;90903
STANFORD/multiplesukoshi/vLSQPg;ALLOY_DIFF_PROP_NET;1;true;;30000;3949665;85222
BASE/hanoi_6_disks/MeubgQ;ALLOY_DIFF_PROP_NET;1;true;;30000;5589558;1572395
DRESDEN/3qbf-5cnf-20var-40cl.2.qdimacs.satlike/724YWg;ALLOY_DIFF_PROP_NET;1;true;;30000;1586110;27091
BASE/peg/fJHVWw;ALLOY_DIFF_PROP_NET;1;true;;30000;1215485;49924
DRESDEN/ggp-course2013_nicolai/uEin8g;ALLOY_DIFF_PROP_NET;1;false;Test process timed out after 240 seconds;0;0;0
BASE/connectFourLarger/qKi60A;ALLOY_DIFF_PROP_NET;1;true;;30000;2173062;66627
BASE/minichess/8NQEiA;ALLOY_DIFF_PROP_NET;1;true;;30000;1192543;397514
DRESDEN/skirmish2/iPpWhQ;ALLOY_DIFF_PROP_NET;1;true;;30000;217859;5447
BASE/futoshiki6/JmvXNA;ALLOY_DIFF_PROP_NET;1;true;;30000;1840053;91003
DRESDEN/chinesecheckers4/-oVNYg;ALLOY_DIFF_PROP_NET;1;true;;30000;130947;2265
BASE/ticTacToeNoVars/XT03NA;ALLOY_DIFF_PROP_NET;1;true;;30000;12451404;1633040
DRESDEN/hanoi_6_disks/MeubgQ;ALLOY_DIFF_PROP_NET;1;true;;30000;5811890;1634684
BASE/checkersTiny/Lr48cg;ALLOY_DIFF_PROP_NET;1;true;;30000;1304326;21394
BASE/blocker/dIWtxg;ALLOY_DIFF_PROP_NET;1;true;;30000;10934839;1386282
STANFORD/duikoshi/tpw1sw;ALLOY_DIFF_PROP_NET;1;true;;30000;2503478;187077
BASE/gt_two_thirds_4p/DStnxQ;ALLOY_DIFF_PROP_NET;1;true;;30001;21627;21627
STANFORD/pilgrimage/ObRZnQ;ALLOY_DIFF_PROP_NET;1;true;;30000;1544665;21166
BASE/connect4/50bOyw;ALLOY_DIFF_PROP_NET;1;true;;30000;2265799;106461
BASE/merrills/pku8Tg;ALLOY_DIFF_PROP_NET;1;false;OutOfMemoryError: GC overhead limit exceeded;0;0;0
DRESDEN/statespacesmall/h-NqjA;ALLOY_DIFF_PROP_NET;1;true;;30000;23648767;5912191
DRESDEN/towerworld/HCX34w;ALLOY_DIFF_PROP_NET;1;true;;30000;96981;204
DRESDEN/endgame/IJhh3Q;ALLOY_DIFF_PROP_NET;1;true;;30000;224169;16012
DRESDEN/quarto/OQzRYQ;ALLOY_DIFF_PROP_NET;1;true;;30000;786315;33765
DRESDEN/4pttc/9pB9AQ;ALLOY_DIFF_PROP_NET;1;true;;30000;1495181;47400
DRESDEN/sat_test_20v_91c_visualisation/aw8BIA;ALLOY_DIFF_PROP_NET;1;true;;30000;9486451;474322
DRESDEN/tictactoe_orthogonal/y69QFQ;ALLOY_DIFF_PROP_NET;1;true;;30000;6739697;841706
BASE/chineseCheckers1/gqtwHw;ALLOY_DIFF_PROP_NET;1;true;;30000;11618357;409854
DRESDEN/vacuumcleaner_random/_6AGDA;ALLOY_DIFF_PROP_NET;1;true;;30000;220751;36997
STANFORD/tictactoe5/WFRReg;ALLOY_DIFF_PROP_NET;1;true;;30000;8803173;2422521
BASE/skirmishHoles/AUCxCA;ALLOY_DIFF_PROP_NET;1;true;;30000;121370;1225
STANFORD/duidoku/3SoMaA;ALLOY_DIFF_PROP_NET;1;true;;30000;236464;5739
DRESDEN/cube_2x2x2/fp-34Q;ALLOY_DIFF_PROP_NET;1;true;;30000;1837685;153275
BASE/nonogram_10x10_1/0Xc62g;ALLOY_DIFF_PROP_NET;1;true;;30000;2213104;87566
DRESDEN/small_dominion/yB5GJA;ALLOY_DIFF_PROP_NET;1;false;Test process timed out after 240 seconds;0;0;0
BASE/chess_200/XsTpYA;ALLOY_DIFF_PROP_NET;1;true;;30000;102151;536
BASE/queens08lg/Ru7eqQ;ALLOY_DIFF_PROP_NET;1;true;;30000;4691391;761943
BASE/pegEuro/5awwhg;ALLOY_DIFF_PROP_NET;1;true;;30000;1118256;43562
BASE/max_knights/2fq3Ag;ALLOY_DIFF_PROP_NET;1;true;;30000;954564;180600
BASE/tictactoe_3d_6player/d7KSwg;ALLOY_DIFF_PROP_NET;1;true;;30000;2382101;23530
DRESDEN/Goldrush/VeWczQ;ALLOY_DIFF_PROP_NET;1;true;;30000;1605001;212642
DRESDEN/tictactoex9/rFkD4w;ALLOY_DIFF_PROP_NET;1;true;;30000;723076;24746
BASE/sudokuGrade6E/ihYFZA;ALLOY_DIFF_PROP_NET;1;true;;30000;282978;6035
BASE/blokbox_simple/JBx4bg;ALLOY_DIFF_PROP_NET;1;true;;30000;106487;4654
STANFORD/sukoshi/4LYZZQ;ALLOY_DIFF_PROP_NET;1;true;;30000;8524213;1568966
DRESDEN/pawn_whopping_corrected/7Ov0jQ;ALLOY_DIFF_PROP_NET;1;true;;30000;3482329;101746
DRESDEN/connectfour/5tc-Mg;ALLOY_DIFF_PROP_NET;1;true;;30000;7572985;338679
BASE/majorities/ibJzSQ;ALLOY_DIFF_PROP_NET;1;true;;30000;3216018;60724
STANFORD/trifecta/ss1kyQ;ALLOY_DIFF_PROP_NET;1;true;;30000;5920183;776451
BASE/hidato37/pBrqxw;ALLOY_DIFF_PROP_NET;1;true;;30000;1210367;91090
BASE/hidato19/rRHSmA;ALLOY_DIFF_PROP_NET;1;true;;30000;3281123;487269
BASE/queens16ug/gT-ylw;ALLOY_DIFF_PROP_NET;1;true;;30000;1294425;80901
BASE/queens12ug/u6Bkmg;ALLOY_DIFF_PROP_NET;1;true;;30000;2159857;179988
BASE/racetrackcorridor/_RkdUg;ALLOY_DIFF_PROP_NET;1;true;;30000;1755265;87925
BASE/point_grab/V_osUg;ALLOY_DIFF_PROP_NET;1;true;;30000;12363588;412119
BASE/snakeAssemblit/UO4sdg;ALLOY_DIFF_PROP_NET;1;true;;30000;63325;7746
