BASE/sudokuGrade2/u80Tfw;CADIAPLAYER_PROLOG;3.0;true;;30046;12596;330
BASE/gt_two_thirds_2p/1APDGg;CADIAPLAYER_PROLOG;3.0;false;Test process failed to output results for unknown reason;0;0;0
DRESDEN/frogs_and_toads/GjchhQ;CADIAPLAYER_PROLOG;3.0;true;;30024;71340;615
DRESDEN/smallest/9kaGFw;CADIAPLAYER_PROLOG;3.0;false;Test process failed to output results for unknown reason;0;0;0
BASE/checkers-newgoals/0XkFiA;CADIAPLAYER_PROLOG;3.0;false;Test process failed to output results for unknown reason;0;0;0
BASE/minichess/8NQEiA;CADIAPLAYER_PROLOG;3.0;true;;30000;127989;42663
BASE/checkersSmall/SYmq8w;CADIAPLAYER_PROLOG;3.0;true;;30019;55511;603
DRESDEN/tictactoelarge/IwXcbg;CADIAPLAYER_PROLOG;3.0;true;;30002;163460;6899
DRESDEN/skirmish3/3LU8Nw;CADIAPLAYER_PROLOG;3.0;false;Test process failed to output results for unknown reason;0;0;0
DRESDEN/snake_2009/zIYLVw;CADIAPLAYER_PROLOG;3.0;false;Test process failed to output results for unknown reason;0;0;0
BASE/connectFourSimultaneous/7ITr3g;CADIAPLAYER_PROLOG;3.0;true;;30003;86958;4885
DRESDEN/vacuumcleaner_obstacles_3/4NjSmw;CADIAPLAYER_PROLOG;3.0;false;Test process failed to output results for unknown reason;0;0;0
STANFORD/tictactoe3/X7myng;CADIAPLAYER_PROLOG;3.0;true;;30000;207411;77739
BASE/tpeg/QNs7Lw;CADIAPLAYER_PROLOG;3.0;true;;30001;59456;4892
STANFORD/untwistycomplex/HTWEwg;CADIAPLAYER_PROLOG;3.0;true;;30000;578817;64313
DRESDEN/battlesnakes2011/93VtTw;CADIAPLAYER_PROLOG;3.0;false;Test process failed to output results for unknown reason;0;0;0
BASE/blockerParallel/7-nDJA;CADIAPLAYER_PROLOG;3.0;true;;30003;40607;5829
BASE/factoringGeorgeForman/HGRorQ;CADIAPLAYER_PROLOG;3.0;true;;30001;285058;6044
BASE/ticTacToeLargeSuicide/727_8g;CADIAPLAYER_PROLOG;3.0;true;;30000;164410;6933
BASE/othello-comp2007/86ZoMw;CADIAPLAYER_PROLOG;3.0;true;;30200;9318;154
BASE/tictactoe_3player/GtM71g;CADIAPLAYER_PROLOG;3.0;true;;30003;86013;4235
BASE/doubletoetictac/fu35bg;CADIAPLAYER_PROLOG;3.0;true;;30000;118957;14255
DRESDEN/Zhadu/9zpQ5w;CADIAPLAYER_PROLOG;3.0;true;;30006;49096;1325
BASE/amazonsSuicide_10x10/XIbQkg;CADIAPLAYER_PROLOG;3.0;true;;30039;44438;327
DRESDEN/pentago_2008/hLjVpQ;CADIAPLAYER_PROLOG;3.0;true;;30023;103986;1905
BASE/eotcitcit/V_9_bg;CADIAPLAYER_PROLOG;3.0;true;;30000;205273;40816
DRESDEN/uf20-01.cnf.SAT/42Rs8A;CADIAPLAYER_PROLOG;3.0;true;;30001;61120;3056
STANFORD/rainbow/_4qNSQ;CADIAPLAYER_PROLOG;3.0;false;Test process failed to output results for unknown reason;0;0;0
DRESDEN/firefighter/WJmoPw;CADIAPLAYER_PROLOG;3.0;true;;30000;111188;2420
DRESDEN/logistics/fPru1Q;CADIAPLAYER_PROLOG;3.0;false;Test process failed to output results for unknown reason;0;0;0
DRESDEN/tictactoe_3d_2player/LMuX9w;CADIAPLAYER_PROLOG;3.0;true;;30031;25113;698
DRESDEN/sheep_and_wolf/enAIzQ;CADIAPLAYER_PROLOG;3.0;true;;30021;25328;616
BASE/toetictac/mTThmg;CADIAPLAYER_PROLOG;3.0;true;;30000;274992;36073
DRESDEN/sat_test_20v_91c/dK7nVw;CADIAPLAYER_PROLOG;3.0;true;;30006;65500;3275
BASE/ruleDepthLinear/OUBJpQ;CADIAPLAYER_PROLOG;3.0;false;Test process failed to output results for unknown reason;0;0;0
BASE/doubletictactoe/HH1htg;CADIAPLAYER_PROLOG;3.0;true;;30000;120837;14486
BASE/blocker/dIWtxg;CADIAPLAYER_PROLOG;3.0;true;;30001;146350;18585
DRESDEN/connectfoursuicide/M9CNQg;CADIAPLAYER_PROLOG;3.0;true;;30001;154996;6936
DRESDEN/Catch-Me-If-You-Can/ghGWrA;CADIAPLAYER_PROLOG;3.0;true;;30000;394491;11621
DRESDEN/mummymaze1p/AekgaQ;CADIAPLAYER_PROLOG;3.0;true;;30000;32244;5730
BASE/knightwar/DVGY4Q;CADIAPLAYER_PROLOG;3.0;false;Test process failed to output results for unknown reason;0;0;0
DRESDEN/checkers-suicide-cylinder-mustjump/L2BYWg;CADIAPLAYER_PROLOG;3.0;false;Test process failed to output results for unknown reason;0;0;0
BASE/quartoSuicide/-23jUg;CADIAPLAYER_PROLOG;3.0;true;;30000;92222;3969
DRESDEN/checkers-mustjump/HUr33w;CADIAPLAYER_PROLOG;3.0;false;Test process failed to output results for unknown reason;0;0;0
STANFORD/chinook/osFbPA;CADIAPLAYER_PROLOG;3.0;false;Test process failed to output results for unknown reason;0;0;0
DRESDEN/knightthrough/J7Fc_Q;CADIAPLAYER_PROLOG;3.0;true;;30014;58810;1728
DRESDEN/slidingpieces/s9_44g;CADIAPLAYER_PROLOG;3.0;true;;30024;43254;534
DRESDEN/chinesecheckers6-simultaneous/gPPGUw;CADIAPLAYER_PROLOG;3.0;false;Test process failed to output results for unknown reason;0;0;0
BASE/connectFour/WAIKTw;CADIAPLAYER_PROLOG;3.0;true;;30000;155924;6994
BASE/amazons_8x8/7SOsIw;CADIAPLAYER_PROLOG;3.0;true;;30028;65756;721
DRESDEN/capture_the_king/EQ229Q;CADIAPLAYER_PROLOG;3.0;true;;30002;40786;659
BASE/mummymaze1p/PT_EXA;CADIAPLAYER_PROLOG;3.0;true;;30011;31994;5908
BASE/hanoi_6_disks/MeubgQ;CADIAPLAYER_PROLOG;3.0;true;;30000;273568;76815
BASE/colonelBlottoVariant2/jruwGw;CADIAPLAYER_PROLOG;3.0;false;Test process failed to output results for unknown reason;0;0;0
BASE/checkersBarrelNoKings/rnKNeg;CADIAPLAYER_PROLOG;3.0;false;Test process failed to output results for unknown reason;0;0;0
BASE/biddingTicTacToe_10coins/a-9ccQ;CADIAPLAYER_PROLOG;3.0;true;;30000;135622;9218
DRESDEN/brawl/2kXtfQ;CADIAPLAYER_PROLOG;3.0;false;Test process failed to output results for unknown reason;0;0;0
STANFORD/eightpuzzle/W_aWbA;CADIAPLAYER_PROLOG;3.0;false;Test process failed to output results for unknown reason;0;0;0
BASE/checkers-cylinder-mustjump/rjr6qQ;CADIAPLAYER_PROLOG;3.0;false;Test process failed to output results for unknown reason;0;0;0
STANFORD/freeforall/Lfp40Q;CADIAPLAYER_PROLOG;3.0;false;Test process failed to output results for unknown reason;0;0;0
BASE/connectFourLarger/qKi60A;CADIAPLAYER_PROLOG;3.0;true;;30016;100547;3064
BASE/amazons/RKKZjw;CADIAPLAYER_PROLOG;3.0;true;;30529;3561;51
DRESDEN/farmers/S_ASnw;CADIAPLAYER_PROLOG;3.0;true;;30001;152470;15247
DRESDEN/quartosuicide/WIU1oQ;CADIAPLAYER_PROLOG;3.0;true;;30007;91474;3913
BASE/lightsOnSimultaneous/_VN6lw;CADIAPLAYER_PROLOG;3.0;true;;30005;43423;2873
DRESDEN/racetrackcorridor/O0DoTA;CADIAPLAYER_PROLOG;3.0;true;;30001;46068;2597
STANFORD/multiplebuttonsandlights_9/SqB9BA;CADIAPLAYER_PROLOG;3.0;true;;30000;509136;84856
DRESDEN/pancakes/hl9aiQ;CADIAPLAYER_PROLOG;3.0;true;;30001;585964;14773
BASE/alexChess/LNo83g;CADIAPLAYER_PROLOG;3.0;false;Test process timed out after 240 seconds;0;0;0
BASE/queens31lg/0gID-A;CADIAPLAYER_PROLOG;3.0;false;Test process timed out after 240 seconds;0;0;0
BASE/peg/fJHVWw;CADIAPLAYER_PROLOG;3.0;true;;30004;57325;2358
STANFORD/jointbuttonsandlights/qAKuIQ;CADIAPLAYER_PROLOG;3.0;true;;30000;362380;62824
BASE/breakthroughSmall/HJ0tIA;CADIAPLAYER_PROLOG;3.0;true;;30007;87342;3090
BASE/racer/QQYQNw;CADIAPLAYER_PROLOG;3.0;true;;30031;14186;1060
BASE/amazonsSuicide/dE1QEQ;CADIAPLAYER_PROLOG;3.0;true;;30152;3535;49
BASE/skirmishZeroSum/zh4hcw;CADIAPLAYER_PROLOG;3.0;true;;30062;48000;480
BASE/sudokuGrade4/DTy07w;CADIAPLAYER_PROLOG;3.0;true;;30083;12514;320
DRESDEN/pancakes6/SZXMyQ;CADIAPLAYER_PROLOG;3.0;true;;30000;590870;14890
DRESDEN/4pttc/9pB9AQ;CADIAPLAYER_PROLOG;3.0;false;Test process failed to output results for unknown reason;0;0;0
STANFORD/tictactoe/ss1kyQ;CADIAPLAYER_PROLOG;3.0;true;;30000;210760;27670
DRESDEN/peg/Vo31eg;CADIAPLAYER_PROLOG;3.0;true;;30001;57573;2357
BASE/asteroidsSerial/id2QkA;CADIAPLAYER_PROLOG;3.0;true;;30009;291812;3142
DRESDEN/3pffa/0YrmQw;CADIAPLAYER_PROLOG;3.0;false;Test process failed to output results for unknown reason;0;0;0
STANFORD/platformjumpers/HEQskA;CADIAPLAYER_PROLOG;3.0;true;;30100;11731;232
DRESDEN/grid_game2/kypTYQ;CADIAPLAYER_PROLOG;3.0;false;Test process failed to output results for unknown reason;0;0;0
DRESDEN/skirmish/RjGQYQ;CADIAPLAYER_PROLOG;3.0;false;Test process failed to output results for unknown reason;0;0;0
BASE/checkers-mustjump-torus/uSApKQ;CADIAPLAYER_PROLOG;3.0;false;Test process failed to output results for unknown reason;0;0;0
DRESDEN/tictactoe_3d_small_6player/llDEDQ;CADIAPLAYER_PROLOG;3.0;true;;30020;49626;1337
DRESDEN/eotcatcit/mQUxzA;CADIAPLAYER_PROLOG;3.0;true;;30000;206188;27023
DRESDEN/Thief_Police/CX18rA;CADIAPLAYER_PROLOG;3.0;true;;30001;388028;11392
BASE/tictactoe_3d_small_6player/g_9lww;CADIAPLAYER_PROLOG;3.0;true;;30013;49977;1345
BASE/snake_2009_big/-oRfVw;CADIAPLAYER_PROLOG;3.0;false;Test process failed to output results for unknown reason;0;0;0
BASE/mummymaze2p/vpjDdA;CADIAPLAYER_PROLOG;3.0;true;;30067;10936;222
DRESDEN/tictictoe/LAUtwg;CADIAPLAYER_PROLOG;3.0;true;;30000;205181;40920
DRESDEN/stratego/Z2wovg;CADIAPLAYER_PROLOG;3.0;true;;30006;77648;1863
DRESDEN/javastrike/whONTQ;CADIAPLAYER_PROLOG;3.0;true;;30299;41147;85
BASE/othelloHoles/c0qAzw;CADIAPLAYER_PROLOG;3.0;false;Test process timed out after 240 seconds;0;0;0
BASE/queens08lg/Ru7eqQ;CADIAPLAYER_PROLOG;3.0;false;Test process timed out after 240 seconds;0;0;0
DRESDEN/tictactoe_3player/ESLQQQ;CADIAPLAYER_PROLOG;3.0;true;;30001;86101;4237
BASE/numbertictactoe/rvJ-iQ;CADIAPLAYER_PROLOG;3.0;true;;30000;176185;21936
DRESDEN/connect5/1kYzSg;CADIAPLAYER_PROLOG;3.0;true;;30078;23200;507
BASE/ticTacToeLarge/TZC0dg;CADIAPLAYER_PROLOG;3.0;true;;30002;163000;6884
BASE/pancakes6/QZTdnw;CADIAPLAYER_PROLOG;3.0;true;;30001;593392;14954
DRESDEN/tttcc4/sAvtFg;CADIAPLAYER_PROLOG;3.0;true;;30005;119856;4229
BASE/sudokuGrade6H/ieE_9A;CADIAPLAYER_PROLOG;3.0;true;;30114;11549;243
BASE/hitori/S8Gsyg;CADIAPLAYER_PROLOG;3.0;true;;30003;56134;649
DRESDEN/sum15/CsgWKg;CADIAPLAYER_PROLOG;3.0;true;;30000;248416;32610
BASE/chomp/-LcqYQ;CADIAPLAYER_PROLOG;3.0;true;;30000;106939;15221
DRESDEN/troublemaker01/C-lPWw;CADIAPLAYER_PROLOG;3.0;true;;30000;711914;237135
DRESDEN/ghostmaze2p/HY0UwA;CADIAPLAYER_PROLOG;3.0;true;;30004;74694;1543
STANFORD/untwistycorridor/EDPPAQ;CADIAPLAYER_PROLOG;3.0;true;;30000;654115;93445
BASE/kalaha_2009/dRiN3g;CADIAPLAYER_PROLOG;3.0;false;Test process failed to output results for unknown reason;0;0;0
BASE/4pttc/AL1k2Q;CADIAPLAYER_PROLOG;3.0;false;Test process failed to output results for unknown reason;0;0;0
BASE/pearls/6k_mEQ;CADIAPLAYER_PROLOG;3.0;true;;30000;1002243;91113
DRESDEN/tictactoe_orthogonal/y69QFQ;CADIAPLAYER_PROLOG;3.0;true;;30000;211124;26324
BASE/sudokuGrade3/eI8dvg;CADIAPLAYER_PROLOG;3.0;true;;30009;12421;320
BASE/gt_coordination/IVMOzA;CADIAPLAYER_PROLOG;3.0;false;Test process failed to output results for unknown reason;0;0;0
DRESDEN/quarto/OQzRYQ;CADIAPLAYER_PROLOG;3.0;true;;30002;91398;3924
DRESDEN/3qbf-5cnf-20var-40cl.1.qdimacs.SAT/2034pg;CADIAPLAYER_PROLOG;3.0;true;;30010;119241;2041
BASE/blocksWorldParallel/RseaAQ;CADIAPLAYER_PROLOG;3.0;true;;30000;210885;70295
BASE/choicethroughalt/tt71Lg;CADIAPLAYER_PROLOG;3.0;true;;30001;57460;1482
DRESDEN/skirmishfinal/hzq8ww;CADIAPLAYER_PROLOG;3.0;false;Test process failed to output results for unknown reason;0;0;0
DRESDEN/max_knights/hCipiA;CADIAPLAYER_PROLOG;3.0;false;Test process failed to output results for unknown reason;0;0;0
DRESDEN/checkers-cylinder-mustjump/vW_-pA;CADIAPLAYER_PROLOG;3.0;false;Test process failed to output results for unknown reason;0;0;0
STANFORD/tictictoe/rpt_Dw;CADIAPLAYER_PROLOG;3.0;true;;30000;200287;39862
STANFORD/breakthrough/d5j0cQ;CADIAPLAYER_PROLOG;3.0;true;;30010;63615;998
BASE/hallway/ckCJOw;CADIAPLAYER_PROLOG;3.0;true;;30134;6180;206
BASE/knightazons/apnJBQ;CADIAPLAYER_PROLOG;3.0;true;;30001;36417;552
BASE/eotcatcit/AfZSzA;CADIAPLAYER_PROLOG;3.0;true;;30000;206216;26983
DRESDEN/uf20-010.cnf.SAT.satlike/g7LF6g;CADIAPLAYER_PROLOG;3.0;true;;30002;60340;3017
BASE/ticblock/T21C1g;CADIAPLAYER_PROLOG;3.0;false;Test process failed to output results for unknown reason;0;0;0
BASE/pancakes88/l2Xaig;CADIAPLAYER_PROLOG;3.0;true;;30000;559569;13990
DRESDEN/minichess/c7GMFw;CADIAPLAYER_PROLOG;3.0;true;;30000;123104;13922
DRESDEN/bunk_t/7-tPfA;CADIAPLAYER_PROLOG;3.0;true;;30001;119297;14304
BASE/factoringEasyTurtleBrain/lUj94Q;CADIAPLAYER_PROLOG;3.0;true;;30010;148920;2482
BASE/wargame02/BkVqqQ;CADIAPLAYER_PROLOG;3.0;true;;30022;35525;725
BASE/duplicateStateLarge/dcjyuw;CADIAPLAYER_PROLOG;3.0;false;Test process failed to output results for unknown reason;0;0;0
DRESDEN/tictactoe-init1/3ltIBQ;CADIAPLAYER_PROLOG;3.0;true;;30000;209435;59915
BASE/conn4/va9Y7A;CADIAPLAYER_PROLOG;3.0;true;;30008;48824;2293
BASE/racer4/0vs7Ww;CADIAPLAYER_PROLOG;3.0;true;;30004;26805;1490
DRESDEN/pawn_whopping/4ogBkg;CADIAPLAYER_PROLOG;3.0;true;;30002;142541;3894
BASE/wallmaze/uxNQ9g;CADIAPLAYER_PROLOG;3.0;true;;30054;11455;395
BASE/queens08ug/kJ_ZFQ;CADIAPLAYER_PROLOG;3.0;true;;30000;30280;3785
DRESDEN/coins/QwFP9w;CADIAPLAYER_PROLOG;3.0;true;;30000;229279;91786
BASE/skirmishNew/sibw2g;CADIAPLAYER_PROLOG;3.0;false;Test process failed to output results for unknown reason;0;0;0
DRESDEN/skirmish2/iPpWhQ;CADIAPLAYER_PROLOG;3.0;false;Test process failed to output results for unknown reason;0;0;0
BASE/blocksWorld/SEdXLQ;CADIAPLAYER_PROLOG;3.0;true;;30000;416541;138847
BASE/gt_chicken/gmepTQ;CADIAPLAYER_PROLOG;3.0;false;Test process failed to output results for unknown reason;0;0;0
DRESDEN/point_grab/r5DPmQ;CADIAPLAYER_PROLOG;3.0;false;Test process failed to output results for unknown reason;0;0;0
BASE/brawl/6Ymo_Q;CADIAPLAYER_PROLOG;3.0;false;Test process failed to output results for unknown reason;0;0;0
DRESDEN/snake_2009_big/DgC1NQ;CADIAPLAYER_PROLOG;3.0;false;Test process failed to output results for unknown reason;0;0;0
DRESDEN/doubletictactoe/lJzgmQ;CADIAPLAYER_PROLOG;3.0;true;;30001;120916;14509
DRESDEN/tictactoe_3d_small_2player/HYttcg;CADIAPLAYER_PROLOG;3.0;true;;30002;75440;6116
BASE/queens12ug/u6Bkmg;CADIAPLAYER_PROLOG;3.0;true;;30030;8076;673
DRESDEN/blocker/S815zQ;CADIAPLAYER_PROLOG;3.0;true;;30000;145823;18478
BASE/cubicup_3player/e2yA_g;CADIAPLAYER_PROLOG;3.0;true;;30112;17892;213
DRESDEN/checkers-mustjump-torus/cVc3gA;CADIAPLAYER_PROLOG;3.0;false;Test process failed to output results for unknown reason;0;0;0
BASE/cubicup/4wNWJA;CADIAPLAYER_PROLOG;3.0;true;;30007;30408;543
STANFORD/hunter/14dD-g;CADIAPLAYER_PROLOG;3.0;false;Test process failed to output results for unknown reason;0;0;0
BASE/pentago/86NgKw;CADIAPLAYER_PROLOG;3.0;true;;30011;103010;1884
BASE/factoringMutuallyAssuredDestruction/NH0LGg;CADIAPLAYER_PROLOG;3.0;true;;30004;114540;5727
BASE/gt_tinfoil/Q8DyKg;CADIAPLAYER_PROLOG;3.0;false;Test process failed to output results for unknown reason;0;0;0
DRESDEN/minichess-evilconjuncts/th24Tw;CADIAPLAYER_PROLOG;3.0;true;;30002;85315;9640
BASE/gt_attrition/kD_SCA;CADIAPLAYER_PROLOG;3.0;false;Test process failed to output results for unknown reason;0;0;0
BASE/beatMania/qUHwvQ;CADIAPLAYER_PROLOG;3.0;false;Test process failed to output results for unknown reason;0;0;0
DRESDEN/hitori/S8Gsyg;CADIAPLAYER_PROLOG;3.0;true;;30006;56137;668
BASE/connectFourSuicide/c8p9Kw;CADIAPLAYER_PROLOG;3.0;true;;30000;156692;7048
BASE/lightsOnSimul4/9FeASw;CADIAPLAYER_PROLOG;3.0;true;;30005;31778;4977
DRESDEN/nim2/z5_exA;CADIAPLAYER_PROLOG;3.0;true;;30000;191250;21545
DRESDEN/pawn_whopping_simultaneous/r8dLfw;CADIAPLAYER_PROLOG;3.0;true;;30001;105355;5626
DRESDEN/2player_normal_form_2010/NG_Kdg;CADIAPLAYER_PROLOG;3.0;false;Test process failed to output results for unknown reason;0;0;0
DRESDEN/statespacesmall/h-NqjA;CADIAPLAYER_PROLOG;3.0;false;Test process failed to output results for unknown reason;0;0;0
BASE/chickentoetictac/l57rfQ;CADIAPLAYER_PROLOG;3.0;true;;30000;257061;36161
DRESDEN/Goldrush/VeWczQ;CADIAPLAYER_PROLOG;3.0;false;Test process failed to output results for unknown reason;0;0;0
BASE/slaughter/cOch8A;CADIAPLAYER_PROLOG;3.0;false;Test process failed to output results for unknown reason;0;0;0
BASE/gt_two_thirds_6p/867v3Q;CADIAPLAYER_PROLOG;3.0;false;Test process failed to output results for unknown reason;0;0;0
STANFORD/triplesukoshi/Iu9mbA;CADIAPLAYER_PROLOG;3.0;true;;30002;68502;9786
BASE/survival/YVIjJA;CADIAPLAYER_PROLOG;3.0;true;;30000;1015967;870955
BASE/cylinder-checkers/hlldmw;CADIAPLAYER_PROLOG;3.0;false;Test process failed to output results for unknown reason;0;0;0
DRESDEN/oisters_farm/pTQMLg;CADIAPLAYER_PROLOG;3.0;true;;30002;473830;9670
DRESDEN/pawn_whopping_corrected/7Ov0jQ;CADIAPLAYER_PROLOG;3.0;true;;30002;140271;4086
BASE/amazons_10x10/Bun8dA;CADIAPLAYER_PROLOG;3.0;true;;30035;44388;326
DRESDEN/satlike_20v_91c_version2/yd9ioQ;CADIAPLAYER_PROLOG;3.0;true;;30005;60980;3049
DRESDEN/pacman3p/rBnk8Q;CADIAPLAYER_PROLOG;3.0;false;Test process failed to output results for unknown reason;0;0;0
DRESDEN/chinesecheckers4/-oVNYg;CADIAPLAYER_PROLOG;3.0;true;;30018;64039;1112
DRESDEN/tictactoex9/rFkD4w;CADIAPLAYER_PROLOG;3.0;true;;30000;15495;538
BASE/breakthroughSuicideSmall/XSbJog;CADIAPLAYER_PROLOG;3.0;true;;30002;87496;3102
BASE/troublemaker01/s3tlEQ;CADIAPLAYER_PROLOG;3.0;true;;30000;707800;235644
BASE/ticTacToeParallel/ymRGPw;CADIAPLAYER_PROLOG;3.0;true;;30000;99749;14427
BASE/tictactoe-init1/7M19vA;CADIAPLAYER_PROLOG;3.0;true;;30000;209467;59717
BASE/tictactoe_orthogonal/WRzlVw;CADIAPLAYER_PROLOG;3.0;true;;30000;211486;26437
DRESDEN/troublemaker02/iZLVuA;CADIAPLAYER_PROLOG;3.0;true;;30000;700754;233347
BASE/breakthroughWalls/vOZaYA;CADIAPLAYER_PROLOG;3.0;true;;30000;60991;944
STANFORD/8puzzle/jNiGtw;CADIAPLAYER_PROLOG;3.0;true;;30005;247080;4118
BASE/breakthrough/TGxk-g;CADIAPLAYER_PROLOG;3.0;true;;30000;61284;943
BASE/knightmove/jBaJEw;CADIAPLAYER_PROLOG;3.0;true;;30020;29569;843
BASE/hidato37/pBrqxw;CADIAPLAYER_PROLOG;3.0;true;;30003;16802;1165
DRESDEN/vacuumcleaner_random/_6AGDA;CADIAPLAYER_PROLOG;3.0;false;Test process failed to output results for unknown reason;0;0;0
BASE/simultaneousWin2/PfjRjw;CADIAPLAYER_PROLOG;3.0;true;;30019;28573;476
BASE/sum15/QZ07Kg;CADIAPLAYER_PROLOG;3.0;true;;30000;250260;32831
BASE/snake_2008/i6K26g;CADIAPLAYER_PROLOG;3.0;false;Test process failed to output results for unknown reason;0;0;0
BASE/kitten_escapes_from_fire/uW-YiA;CADIAPLAYER_PROLOG;3.0;true;;30000;546907;65795
BASE/copolymer_4/2LDVhQ;CADIAPLAYER_PROLOG;3.0;false;Test process failed to output results for unknown reason;0;0;0
BASE/3pffa/pR0dzA;CADIAPLAYER_PROLOG;3.0;false;Test process failed to output results for unknown reason;0;0;0
BASE/bomberman2p/4CClwA;CADIAPLAYER_PROLOG;3.0;true;;30005;33310;4249
BASE/colonelBlottoVariant/X-n-KQ;CADIAPLAYER_PROLOG;3.0;false;Test process failed to output results for unknown reason;0;0;0
BASE/breakthroughHoles/nZk0Sg;CADIAPLAYER_PROLOG;3.0;true;;30014;55970;890
BASE/reversiSuicide/9OxJlg;CADIAPLAYER_PROLOG;3.0;true;;30097;13739;228
DRESDEN/hanoi7/51zz5Q;CADIAPLAYER_PROLOG;3.0;true;;30014;264033;2079
DRESDEN/hanoi_6_disks/MeubgQ;CADIAPLAYER_PROLOG;3.0;true;;30000;272745;76733
BASE/battle/8oAvhQ;CADIAPLAYER_PROLOG;3.0;false;Test process failed to output results for unknown reason;0;0;0
BASE/troublemaker02/DI83KA;CADIAPLAYER_PROLOG;3.0;true;;30000;692962;231036
DRESDEN/bidding-tictactoe/yW5vTA;CADIAPLAYER_PROLOG;3.0;true;;30001;158482;10738
DRESDEN/8puzzle/8fKC2w;CADIAPLAYER_PROLOG;3.0;true;;30002;247860;4131
BASE/checkersTorusNoKings/pwb6oQ;CADIAPLAYER_PROLOG;3.0;false;Test process failed to output results for unknown reason;0;0;0
BASE/four_way_battle/xSOQXA;CADIAPLAYER_PROLOG;3.0;false;Test process failed to output results for unknown reason;0;0;0
DRESDEN/vacuumcleaner_obstacles_1/CqS-7A;CADIAPLAYER_PROLOG;3.0;false;Test process failed to output results for unknown reason;0;0;0
BASE/god/qF06gw;CADIAPLAYER_PROLOG;3.0;true;;30014;27939;1307
BASE/strangeSkirmish/gc1zKA;CADIAPLAYER_PROLOG;3.0;false;Test process failed to output results for unknown reason;0;0;0
BASE/skirmishFinal1/ecWTnQ;CADIAPLAYER_PROLOG;3.0;false;Test process failed to output results for unknown reason;0;0;0
DRESDEN/tictactoelargesuicide/6J4DeA;CADIAPLAYER_PROLOG;3.0;true;;30003;164643;6959
BASE/wargame03/klXI8w;CADIAPLAYER_PROLOG;3.0;true;;30004;57918;1182
DRESDEN/tictactoe/BTTzPw;CADIAPLAYER_PROLOG;3.0;true;;30000;209414;27484
STANFORD/bestbuttonsandlightsbig/g0JC6g;CADIAPLAYER_PROLOG;3.0;true;;30000;410688;68448
BASE/chinook/XQh0IQ;CADIAPLAYER_PROLOG;3.0;true;;30044;21635;747
DRESDEN/vacuum_cleaner_1/eUNjpw;CADIAPLAYER_PROLOG;3.0;false;Test process failed to output results for unknown reason;0;0;0
BASE/lightsOut/5P1ZBw;CADIAPLAYER_PROLOG;3.0;true;;30004;96740;4837
BASE/asteroidsParallel/WauZiA;CADIAPLAYER_PROLOG;3.0;true;;30003;312328;7069
DRESDEN/blobwars/ZaMluQ;CADIAPLAYER_PROLOG;3.0;true;;30015;39080;977
BASE/sudoku/NTaNkw;CADIAPLAYER_PROLOG;3.0;false;Test process failed to output results for unknown reason;0;0;0
DRESDEN/chinesecheckers1/Y-ftaA;CADIAPLAYER_PROLOG;3.0;true;;30004;75467;2650
BASE/stateSpaceSmall/Q7osKA;CADIAPLAYER_PROLOG;3.0;false;Test process failed to output results for unknown reason;0;0;0
DRESDEN/tictactoeparallel/yk_DSg;CADIAPLAYER_PROLOG;3.0;true;;30000;102762;14872
DRESDEN/Travelers-Dilemma/PvZwYw;CADIAPLAYER_PROLOG;3.0;false;Test process failed to output results for unknown reason;0;0;0
BASE/incredible/8Qh-6Q;CADIAPLAYER_PROLOG;3.0;true;;30001;221233;11644
BASE/cephalopodMicro/9l2D3g;CADIAPLAYER_PROLOG;3.0;false;Test process timed out after 240 seconds;0;0;0
DRESDEN/merrills/aYEzwA;CADIAPLAYER_PROLOG;3.0;true;;30015;33945;566
DRESDEN/connect4/T0-rHQ;CADIAPLAYER_PROLOG;3.0;true;;30006;39224;1864
BASE/coins_atomic/AA3SSw;CADIAPLAYER_PROLOG;3.0;true;;30000;231792;92740
STANFORD/threepuzzle/41ibjA;CADIAPLAYER_PROLOG;3.0;true;;30000;404604;67434
BASE/tttcc4/8Bs2lg;CADIAPLAYER_PROLOG;3.0;true;;30006;120248;4252
BASE/factoringImpossibleTurtleBrain/kcBhdw;CADIAPLAYER_PROLOG;3.0;false;Test process timed out after 240 seconds;0;0;0
BASE/factoringMediumTurtleBrain/8RBqmQ;CADIAPLAYER_PROLOG;3.0;true;;30042;20244;241
BASE/quarto/EwBMVQ;CADIAPLAYER_PROLOG;3.0;true;;30005;92062;3938
BASE/quad_5x5/JAEP5g;CADIAPLAYER_PROLOG;3.0;true;;30002;28896;1998
DRESDEN/CatchMeIfYouCanTest/CX18rA;CADIAPLAYER_PROLOG;3.0;true;;30002;394691;11685
BASE/roshambo2/KNPokQ;CADIAPLAYER_PROLOG;3.0;true;;30000;460312;54136
STANFORD/connectfour/VMpZkQ;CADIAPLAYER_PROLOG;3.0;true;;30000;155362;6950
BASE/ticTicToe/c1OobQ;CADIAPLAYER_PROLOG;3.0;true;;30000;204767;40826
DRESDEN/pancakes88/aD3E7g;CADIAPLAYER_PROLOG;3.0;true;;30000;556975;13927
BASE/chineseCheckers2/eCMR3Q;CADIAPLAYER_PROLOG;3.0;false;Test process failed to output results for unknown reason;0;0;0
BASE/zhadu/DlA8iQ;CADIAPLAYER_PROLOG;3.0;true;;30950;1039;28
BASE/4pffa/Q3ADlg;CADIAPLAYER_PROLOG;3.0;false;Test process failed to output results for unknown reason;0;0;0
DRESDEN/nim3/sG_axA;CADIAPLAYER_PROLOG;3.0;true;;30001;171290;12962
STANFORD/alquerquezero/uVgA_A;CADIAPLAYER_PROLOG;3.0;false;Test process failed to output results for unknown reason;0;0;0
BASE/gt_dollar/TGjqRw;CADIAPLAYER_PROLOG;3.0;false;Test process failed to output results for unknown reason;0;0;0
BASE/slidingpieces/uFJWEw;CADIAPLAYER_PROLOG;3.0;true;;30047;43740;540
DRESDEN/statespacemedium/dVJZ_w;CADIAPLAYER_PROLOG;3.0;false;Test process failed to output results for unknown reason;0;0;0
STANFORD/bestbuttonsandlights/nm0wEA;CADIAPLAYER_PROLOG;3.0;true;;30000;498228;83038
BASE/pawnToQueen/-O1_JA;CADIAPLAYER_PROLOG;3.0;true;;30007;19484;1471
DRESDEN/amazons/dNB28A;CADIAPLAYER_PROLOG;3.0;true;;30123;13203;186
DRESDEN/3qbf-5cnf-20var-40cl.0.qdimacs/-6hrIw;CADIAPLAYER_PROLOG;3.0;true;;30005;130542;2213
BASE/gt_prisoner/klthDw;CADIAPLAYER_PROLOG;3.0;false;Test process failed to output results for unknown reason;0;0;0
DRESDEN/crissrace/KWb9bw;CADIAPLAYER_PROLOG;3.0;false;Test process failed to output results for unknown reason;0;0;0
BASE/ticTacToe/JRFsaQ;CADIAPLAYER_PROLOG;3.0;true;;30000;209674;27529
STANFORD/selectivesukoshi/3xmXYg;CADIAPLAYER_PROLOG;3.0;true;;30068;15395;533
BASE/tron_10x10/7ZTgDg;CADIAPLAYER_PROLOG;3.0;true;;30000;46638;15603
BASE/skirmishFinal2/gdB62Q;CADIAPLAYER_PROLOG;3.0;false;Test process failed to output results for unknown reason;0;0;0
DRESDEN/quad/JPe6fg;CADIAPLAYER_PROLOG;3.0;true;;30400;1527;33
BASE/gt_centipede/9fRMpw;CADIAPLAYER_PROLOG;3.0;false;Test process failed to output results for unknown reason;0;0;0
BASE/pentagoSuicide/SBgNhw;CADIAPLAYER_PROLOG;3.0;true;;30007;103219;1890
BASE/minichess-evilconjuncts/4OpQzw;CADIAPLAYER_PROLOG;3.0;true;;30001;85499;9666
DRESDEN/hanoi7_bugfix/3gdnFw;CADIAPLAYER_PROLOG;3.0;true;;30005;265938;2094
DRESDEN/knightazons/02I8BQ;CADIAPLAYER_PROLOG;3.0;true;;30053;36578;553
DRESDEN/god/2EDD5w;CADIAPLAYER_PROLOG;3.0;true;;30004;28001;1311
BASE/circlesolitaire/azuQFQ;CADIAPLAYER_PROLOG;3.0;true;;30000;316323;30691
BASE/stateSpaceLarge/0Ge_CQ;CADIAPLAYER_PROLOG;3.0;false;Test process failed to output results for unknown reason;0;0;0
BASE/blockerSerial/3eqDuw;CADIAPLAYER_PROLOG;3.0;true;;30002;62591;3954
DRESDEN/uf20-020.cnf.SAT.satlike/WbqXoA;CADIAPLAYER_PROLOG;3.0;true;;30001;55700;2785
BASE/snake_2009/7l-qAQ;CADIAPLAYER_PROLOG;3.0;false;Test process failed to output results for unknown reason;0;0;0
DRESDEN/cubicup_3player/awDtsQ;CADIAPLAYER_PROLOG;3.0;true;;30058;17724;211
BASE/gt_ultimatum/GE-uOA;CADIAPLAYER_PROLOG;3.0;false;Test process failed to output results for unknown reason;0;0;0
DRESDEN/circlesolitaire/ruUilQ;CADIAPLAYER_PROLOG;3.0;true;;30000;315760;30670
BASE/escortLatch/mX9BjQ;CADIAPLAYER_PROLOG;3.0;true;;30011;100911;1707
BASE/checkers-mustjump/T-8UuQ;CADIAPLAYER_PROLOG;3.0;false;Test process failed to output results for unknown reason;0;0;0
DRESDEN/kalaha_2009/gcC8uA;CADIAPLAYER_PROLOG;3.0;false;Test process failed to output results for unknown reason;0;0;0
STANFORD/dualhunter/1rPZjQ;CADIAPLAYER_PROLOG;3.0;false;Test process failed to output results for unknown reason;0;0;0
STANFORD/multiplebuttonsandlights/cK70Yg;CADIAPLAYER_PROLOG;3.0;true;;30000;510582;85097
BASE/tictactoe2/bhrDoQ;CADIAPLAYER_PROLOG;3.0;true;;30000;313307;41064
STANFORD/knightstour/cEwgNA;CADIAPLAYER_PROLOG;3.0;false;Test process failed to output results for unknown reason;0;0;0
DRESDEN/lightsout/XgLpzQ;CADIAPLAYER_PROLOG;3.0;true;;30001;97020;4851
BASE/3pConnectFour/PqXOFQ;CADIAPLAYER_PROLOG;3.0;true;;30002;104298;2955
BASE/pancakes/yUgbXw;CADIAPLAYER_PROLOG;3.0;true;;30000;589209;14835
BASE/twisty-passages/DiZmmg;CADIAPLAYER_PROLOG;3.0;true;;30038;111838;562
DRESDEN/nim1/M9BALA;CADIAPLAYER_PROLOG;3.0;true;;30001;198193;28851
BASE/connect5/d-BVQg;CADIAPLAYER_PROLOG;3.0;true;;30039;23320;511
BASE/pacman3p/wW7UVQ;CADIAPLAYER_PROLOG;3.0;false;Test process failed to output results for unknown reason;0;0;0
BASE/sudokuGrade5/BQfUQA;CADIAPLAYER_PROLOG;3.0;true;;30010;12530;327
STANFORD/3puzzle/41ibjA;CADIAPLAYER_PROLOG;3.0;true;;30000;402912;67152
DRESDEN/bidding-tictactoe_10coins/mu5VhQ;CADIAPLAYER_PROLOG;3.0;true;;30001;135712;9172
BASE/battlebrushes/arCwyA;CADIAPLAYER_PROLOG;3.0;true;;30000;25498;1342
BASE/2pffa_zerosum/o0_uZA;CADIAPLAYER_PROLOG;3.0;true;;30005;162810;5427
DRESDEN/smallest_4player/ADDROA;CADIAPLAYER_PROLOG;3.0;false;Test process failed to output results for unknown reason;0;0;0
DRESDEN/bomberman2p/x4h6jQ;CADIAPLAYER_PROLOG;3.0;true;;30000;33249;4295
BASE/dualConnect4/WbCQkg;CADIAPLAYER_PROLOG;3.0;true;;30000;103317;3329
STANFORD/pentago/ZxzLmg;CADIAPLAYER_PROLOG;3.0;true;;30001;109031;2005
BASE/wargame01/_GZFZg;CADIAPLAYER_PROLOG;3.0;true;;30005;68502;1398
BASE/checkLines/Vop7oQ;CADIAPLAYER_PROLOG;3.0;true;;30000;225509;14632
DRESDEN/kitten_escapes_from_fire/uW-YiA;CADIAPLAYER_PROLOG;3.0;true;;30000;544072;65467
BASE/blocks2player/wnTLOQ;CADIAPLAYER_PROLOG;3.0;true;;30000;236552;13143
BASE/hex/T1MK8g;CADIAPLAYER_PROLOG;3.0;true;;30014;10491;146
BASE/buttons/hTcUjw;CADIAPLAYER_PROLOG;3.0;true;;30000;562992;93832
DRESDEN/knightwar/7hhAqg;CADIAPLAYER_PROLOG;3.0;false;Test process failed to output results for unknown reason;0;0;0
DRESDEN/cubicup/SBn_lw;CADIAPLAYER_PROLOG;3.0;true;;30009;30240;540
DRESDEN/peg_bugfixed/u_B7MA;CADIAPLAYER_PROLOG;3.0;true;;30003;57509;2358
DRESDEN/queens/mW2wHQ;CADIAPLAYER_PROLOG;3.0;false;Test process failed to output results for unknown reason;0;0;0
BASE/untwistycomplex2/EDPPAQ;CADIAPLAYER_PROLOG;3.0;true;;30000;641963;91709
BASE/endgame/jYjfOA;CADIAPLAYER_PROLOG;3.0;true;;30012;21896;1564
BASE/nonogram_5x5_1/qLKEZw;CADIAPLAYER_PROLOG;3.0;false;Test process failed to output results for unknown reason;0;0;0
DRESDEN/uf20-020.cnf.SAT/hDrW_A;CADIAPLAYER_PROLOG;3.0;true;;30000;55400;2770
BASE/amazonsTorus_10x10/Uxc08g;CADIAPLAYER_PROLOG;3.0;true;;30070;38246;253
BASE/lightsOn/MsXu3A;CADIAPLAYER_PROLOG;3.0;true;;30001;299515;23925
BASE/ttcc4_2player/_aH_Mw;CADIAPLAYER_PROLOG;3.0;true;;30003;133561;3328
BASE/ticTacToeNoVars/XT03NA;CADIAPLAYER_PROLOG;3.0;true;;30000;313158;41101
DRESDEN/hallway/0H4l-Q;CADIAPLAYER_PROLOG;3.0;true;;30140;6180;206
BASE/gt_staghunt/xPjLRA;CADIAPLAYER_PROLOG;3.0;false;Test process failed to output results for unknown reason;0;0;0
BASE/ticTacToeSerial/Amrwqw;CADIAPLAYER_PROLOG;3.0;true;;30003;100232;6592
BASE/coloredtrails/EZvr7g;CADIAPLAYER_PROLOG;3.0;true;;30002;92286;10254
DRESDEN/ticblock/Z2yNWQ;CADIAPLAYER_PROLOG;3.0;false;Test process failed to output results for unknown reason;0;0;0
STANFORD/tictactoe7/-bE9-A;CADIAPLAYER_PROLOG;3.0;true;;30000;208140;37598
DRESDEN/toetictac/mJtxCA;CADIAPLAYER_PROLOG;3.0;true;;30000;274376;35929
DRESDEN/laikLee_hex/ZeP3QQ;CADIAPLAYER_PROLOG;3.0;true;;30000;79973;3763
DRESDEN/Runners/3bOCQw;CADIAPLAYER_PROLOG;3.0;true;;30001;452351;9232
BASE/colonelBlotto/jip21A;CADIAPLAYER_PROLOG;3.0;false;Test process failed to output results for unknown reason;0;0;0
BASE/connectFourLarge/aU644A;CADIAPLAYER_PROLOG;3.0;true;;30003;130065;4974
STANFORD/checkersonabarrelnokings/Zrevdw;CADIAPLAYER_PROLOG;3.0;false;Test process failed to output results for unknown reason;0;0;0
BASE/nineBoardTicTacToe/wRmqqA;CADIAPLAYER_PROLOG;3.0;true;;30005;103362;3526
BASE/quad_7x7/q-JOXg;CADIAPLAYER_PROLOG;3.0;true;;30012;10939;361
DRESDEN/quad_7x7/q-JOXg;CADIAPLAYER_PROLOG;3.0;true;;30064;10797;356
DRESDEN/knightstour/cGISAA;CADIAPLAYER_PROLOG;3.0;false;Test process failed to output results for unknown reason;0;0;0
DRESDEN/babel/WdSW4A;CADIAPLAYER_PROLOG;3.0;false;Test process failed to output results for unknown reason;0;0;0
BASE/nim2/eF2Qqw;CADIAPLAYER_PROLOG;3.0;true;;30000;190588;21539
DRESDEN/blockerparallel/dVQgSg;CADIAPLAYER_PROLOG;3.0;true;;30003;40495;5815
BASE/duplicateStateSmall/bCPAXw;CADIAPLAYER_PROLOG;3.0;false;Test process failed to output results for unknown reason;0;0;0
BASE/futoshiki5/TJ4BZg;CADIAPLAYER_PROLOG;3.0;true;;30000;50495;3409
BASE/chess_200/XsTpYA;CADIAPLAYER_PROLOG;3.0;true;;30037;15705;82
BASE/crossers3/O0rORg;CADIAPLAYER_PROLOG;3.0;true;;30005;57285;4328
DRESDEN/catcha_mouse/cHv4dw;CADIAPLAYER_PROLOG;3.0;true;;30015;31272;2367
DRESDEN/brain_teaser_extended/ZDp94A;CADIAPLAYER_PROLOG;3.0;true;;30000;229485;15299
DRESDEN/lightson2x2/gBHuig;CADIAPLAYER_PROLOG;3.0;true;;30001;144690;14469
BASE/ghostMaze2p/W-NU-w;CADIAPLAYER_PROLOG;3.0;true;;30012;74686;1543
STANFORD/ttcc4/Cx9SGw;CADIAPLAYER_PROLOG;3.0;true;;30015;125357;2281
STANFORD/knightstourmedium/x1wu8Q;CADIAPLAYER_PROLOG;3.0;false;Test process failed to output results for unknown reason;0;0;0
BASE/solitaireChineseCheckers/-ET6gw;CADIAPLAYER_PROLOG;3.0;false;Test process failed to output results for unknown reason;0;0;0
BASE/kalaha6x2x4/XS81Mg;CADIAPLAYER_PROLOG;3.0;false;Test process failed to output results for unknown reason;0;0;0
DRESDEN/checkers/jIDMIg;CADIAPLAYER_PROLOG;3.0;true;;30055;19771;199
DRESDEN/blocks/vg0DRw;CADIAPLAYER_PROLOG;3.0;true;;30000;409503;136501
DRESDEN/breakthrough/z4hK7Q;CADIAPLAYER_PROLOG;3.0;true;;30019;61065;950
BASE/aipsrovers01/4C4jsw;CADIAPLAYER_PROLOG;3.0;true;;30002;253386;8755
BASE/snake_2008_tweaked/bX0NJQ;CADIAPLAYER_PROLOG;3.0;false;Test process failed to output results for unknown reason;0;0;0
DRESDEN/snake_2008/E56l3A;CADIAPLAYER_PROLOG;3.0;false;Test process failed to output results for unknown reason;0;0;0
BASE/coins/QnGtnQ;CADIAPLAYER_PROLOG;3.0;true;;30000;230291;92107
BASE/3pttc/0sol9g;CADIAPLAYER_PROLOG;3.0;true;;30001;164366;5653
DRESDEN/nim4/F5YAYg;CADIAPLAYER_PROLOG;3.0;true;;30000;170029;12695
BASE/reversi/d8UMeA;CADIAPLAYER_PROLOG;3.0;true;;30044;13780;228
DRESDEN/quad_5x5_8_2/JRTLJg;CADIAPLAYER_PROLOG;3.0;true;;30023;32801;1795
STANFORD/skirmish/w4V6Vw;CADIAPLAYER_PROLOG;3.0;false;Test process failed to output results for unknown reason;0;0;0
BASE/lightsOnParallel/SC6enA;CADIAPLAYER_PROLOG;3.0;true;;30001;137620;6955
BASE/skirmishFinal3/-Olhfw;CADIAPLAYER_PROLOG;3.0;false;Test process failed to output results for unknown reason;0;0;0
BASE/shmup/ssTNlg;CADIAPLAYER_PROLOG;3.0;false;Test process failed to output results for unknown reason;0;0;0
DRESDEN/mummymaze2p/k-8edg;CADIAPLAYER_PROLOG;3.0;true;;30060;10940;224
BASE/ad_game_2x2/D0aWqg;CADIAPLAYER_PROLOG;3.0;false;Test process failed to output results for unknown reason;0;0;0
BASE/onestep/xi53wA;CADIAPLAYER_PROLOG;3.0;true;;30000;733709;733709
DRESDEN/buttons/ADUaHw;CADIAPLAYER_PROLOG;3.0;true;;30000;553788;92298
STANFORD/multipletictactoe/_bkafQ;CADIAPLAYER_PROLOG;3.0;true;;30014;18489;1031
BASE/tictactoe_3d_2player/IUC1rQ;CADIAPLAYER_PROLOG;3.0;true;;30043;25293;727
DRESDEN/golden_rectangle/1uloXw;CADIAPLAYER_PROLOG;3.0;true;;36131;200;6
BASE/ticTacHeaven/18n58A;CADIAPLAYER_PROLOG;3.0;true;;30001;81263;3491
BASE/cittaceot/fDxhXg;CADIAPLAYER_PROLOG;3.0;true;;30006;46691;2148
DRESDEN/quad_5x5/JAEP5g;CADIAPLAYER_PROLOG;3.0;true;;30001;28746;1992
DRESDEN/latenttictactoe/kITHKg;CADIAPLAYER_PROLOG;3.0;true;;30000;85415;8133
DRESDEN/four_way_battle/xSOQXA;CADIAPLAYER_PROLOG;3.0;false;Test process failed to output results for unknown reason;0;0;0
BASE/hanoi/iGLsJg;CADIAPLAYER_PROLOG;3.0;true;;30002;306497;9887
BASE/breakthroughSmallHoles/bxclRw;CADIAPLAYER_PROLOG;3.0;true;;30003;88102;3381
DRESDEN/SC_TestOnly_enabled/09o7gQ;CADIAPLAYER_PROLOG;3.0;false;Test process failed to output results for unknown reason;0;0;0
BASE/chineseCheckers3/-1rZdQ;CADIAPLAYER_PROLOG;3.0;false;Test process failed to output results for unknown reason;0;0;0
DRESDEN/uf20-010.cnf.SAT/5ICbCg;CADIAPLAYER_PROLOG;3.0;true;;30005;59600;2980
BASE/crisscross/ICagEg;CADIAPLAYER_PROLOG;3.0;true;;30003;126013;4882
DRESDEN/sat_test_20v_91c_visualisation/aw8BIA;CADIAPLAYER_PROLOG;3.0;true;;30000;64880;3244
BASE/chineseCheckers4/avfBcQ;CADIAPLAYER_PROLOG;3.0;true;;30007;126853;2196
BASE/breakthroughSuicide/wZDpIg;CADIAPLAYER_PROLOG;3.0;true;;30017;60998;954
STANFORD/sudoku/oJ1qyQ;CADIAPLAYER_PROLOG;3.0;true;;30004;12262;297
DRESDEN/ggp-course2013_michal13/jWKddg;CADIAPLAYER_PROLOG;3.0;true;;30081;9183;293
BASE/skirmish/Y_psYQ;CADIAPLAYER_PROLOG;3.0;false;Test process failed to output results for unknown reason;0;0;0
DRESDEN/knightfight/4_Ly4w;CADIAPLAYER_PROLOG;3.0;true;;30000;141528;12984
BASE/stateSpaceMedium/3bUoIw;CADIAPLAYER_PROLOG;3.0;false;Test process failed to output results for unknown reason;0;0;0
BASE/bunk_t/xbpfIA;CADIAPLAYER_PROLOG;3.0;true;;30001;119430;14322
DRESDEN/backgammon/mqCW0Q;CADIAPLAYER_PROLOG;3.0;true;;30123;33146;185
BASE/2pttc/unkkYA;CADIAPLAYER_PROLOG;3.0;true;;30000;181638;6576
BASE/chineseCheckers6/rREH3A;CADIAPLAYER_PROLOG;3.0;false;Test process failed to output results for unknown reason;0;0;0
BASE/hodgepodge/9yjRkw;CADIAPLAYER_PROLOG;3.0;true;;30000;327120;327120
BASE/maze/cCX3qQ;CADIAPLAYER_PROLOG;3.0;true;;30000;654317;74528
BASE/haystack/UkweGA;CADIAPLAYER_PROLOG;3.0;true;;30000;1014023;338240
BASE/sheepAndWolf/g4THrg;CADIAPLAYER_PROLOG;3.0;true;;30005;25053;616
BASE/knightfight/SJRkAg;CADIAPLAYER_PROLOG;3.0;true;;30003;142570;13191
BASE/knightsTourLarge/M8jgLA;CADIAPLAYER_PROLOG;3.0;false;Test process failed to output results for unknown reason;0;0;0
BASE/point_grab/V_osUg;CADIAPLAYER_PROLOG;3.0;false;Test process failed to output results for unknown reason;0;0;0
DRESDEN/catch_me/ghGWrA;CADIAPLAYER_PROLOG;3.0;true;;30006;393783;11799
DRESDEN/vacuumcleaner_obstacles_5/fXBV4g;CADIAPLAYER_PROLOG;3.0;false;Test process failed to output results for unknown reason;0;0;0
DRESDEN/small_dominion/yB5GJA;CADIAPLAYER_PROLOG;3.0;true;;30187;416;11
BASE/snakeAssemblit/UO4sdg;CADIAPLAYER_PROLOG;3.0;false;Test process failed to output results for unknown reason;0;0;0
DRESDEN/connectfour/5tc-Mg;CADIAPLAYER_PROLOG;3.0;true;;30000;155704;6962
BASE/guess/SPpk1A;CADIAPLAYER_PROLOG;3.0;true;;30003;73351;6925
DRESDEN/aipsrovers01/qS47Mw;CADIAPLAYER_PROLOG;3.0;true;;30001;251810;8704
BASE/pacman2p/4LEdQg;CADIAPLAYER_PROLOG;3.0;false;Test process failed to output results for unknown reason;0;0;0
STANFORD/buttonsandlights/eyhJpA;CADIAPLAYER_PROLOG;3.0;true;;30000;866898;144483
BASE/checkers-suicide-cylinder-mustjump/YeW5Tw;CADIAPLAYER_PROLOG;3.0;false;Test process failed to output results for unknown reason;0;0;0
BASE/tictactoe_3d_small_2player/oOryKA;CADIAPLAYER_PROLOG;3.0;true;;30001;74849;6093
BASE/othelloSuicide/B442jg;CADIAPLAYER_PROLOG;3.0;false;Test process timed out after 240 seconds;0;0;0
BASE/snake2p/I3wWPQ;CADIAPLAYER_PROLOG;3.0;true;;30000;106913;80019
DRESDEN/cube_2x2x2/fp-34Q;CADIAPLAYER_PROLOG;3.0;true;;30002;79264;6611
DRESDEN/statespacelarge/8-y5HQ;CADIAPLAYER_PROLOG;3.0;false;Test process failed to output results for unknown reason;0;0;0
DRESDEN/3qbf-5cnf-20var-40cl.2.qdimacs.satlike/724YWg;CADIAPLAYER_PROLOG;3.0;true;;30005;123910;2109
DRESDEN/guess/PhxGhg;CADIAPLAYER_PROLOG;3.0;true;;30002;73119;6900
BASE/switches/tPUoCg;CADIAPLAYER_PROLOG;3.0;true;;30000;447298;447298
BASE/blocksWorldSerial/Wyg96Q;CADIAPLAYER_PROLOG;3.0;true;;30000;247932;41322
DRESDEN/breakthroughsuicide/Y9QzqQ;CADIAPLAYER_PROLOG;3.0;true;;30027;60871;959
STANFORD/hex/MTqWcw;CADIAPLAYER_PROLOG;3.0;true;;30124;10733;150
DRESDEN/towerworld/HCX34w;CADIAPLAYER_PROLOG;3.0;false;Test process failed to output results for unknown reason;0;0;0
DRESDEN/twisty-passages/j7NPyg;CADIAPLAYER_PROLOG;3.0;true;;30034;110644;556
BASE/copolymer_4_pie/IN5_jA;CADIAPLAYER_PROLOG;3.0;false;Test process failed to output results for unknown reason;0;0;0
BASE/eightPuzzle/vLrgFg;CADIAPLAYER_PROLOG;3.0;true;;30003;247020;4117
DRESDEN/vacuumcleaner_random_big/DwzFaQ;CADIAPLAYER_PROLOG;3.0;false;Test process failed to output results for unknown reason;0;0;0
BASE/nim4/twk16w;CADIAPLAYER_PROLOG;3.0;true;;30001;168706;12606
BASE/smallest_4player/ADDROA;CADIAPLAYER_PROLOG;3.0;false;Test process failed to output results for unknown reason;0;0;0
BASE/ttcc4/Le0qjQ;CADIAPLAYER_PROLOG;3.0;true;;30001;120046;4262
BASE/queens06ug/7Lq3tw;CADIAPLAYER_PROLOG;3.0;true;;30002;68148;11358
STANFORD/tictactoe5/WFRReg;CADIAPLAYER_PROLOG;3.0;true;;30000;208137;57141
DRESDEN/ggp-course2013_jordi/9QI6Kw;CADIAPLAYER_PROLOG;3.0;true;;30014;25390;786
DRESDEN/vacuumcleaner_obstacles_6/NVwsZw;CADIAPLAYER_PROLOG;3.0;false;Test process failed to output results for unknown reason;0;0;0
DRESDEN/tpeg/h-Scbg;CADIAPLAYER_PROLOG;3.0;true;;30002;59427;4867
DRESDEN/CephalopodMicro/H3XQfg;CADIAPLAYER_PROLOG;3.0;false;Test process timed out after 240 seconds;0;0;0
DRESDEN/gt_chicken/CeuKtw;CADIAPLAYER_PROLOG;3.0;false;Test process failed to output results for unknown reason;0;0;0
DRESDEN/vacuumcleaner_obstacles_2/Y-R7tA;CADIAPLAYER_PROLOG;3.0;false;Test process failed to output results for unknown reason;0;0;0
DRESDEN/lightsout2/LFtfyQ;CADIAPLAYER_PROLOG;3.0;true;;30003;97060;4853
BASE/blobwars/0XT15Q;CADIAPLAYER_PROLOG;3.0;true;;30011;38680;967
DRESDEN/chinesecheckers3/QsCb2A;CADIAPLAYER_PROLOG;3.0;false;Test process failed to output results for unknown reason;0;0;0
DRESDEN/endgame/IJhh3Q;CADIAPLAYER_PROLOG;3.0;true;;30012;22232;1588
STANFORD/madness/UO_B3A;CADIAPLAYER_PROLOG;3.0;false;Test process failed to output results for unknown reason;0;0;0
BASE/asteroids/BKCmPQ;CADIAPLAYER_PROLOG;3.0;true;;30002;488294;10506
DRESDEN/3pttc/uwYBZw;CADIAPLAYER_PROLOG;3.0;true;;30004;171762;5873
BASE/checkersTorus/2vm1EQ;CADIAPLAYER_PROLOG;3.0;false;Test process failed to output results for unknown reason;0;0;0
DRESDEN/tictactoe_3d_6player/ulZPWg;CADIAPLAYER_PROLOG;3.0;true;;30008;18789;174
BASE/chickentictactoe/DSlZCA;CADIAPLAYER_PROLOG;3.0;true;;30000;194974;27385
DRESDEN/gt_prisoner/huCp4w;CADIAPLAYER_PROLOG;3.0;false;Test process failed to output results for unknown reason;0;0;0
DRESDEN/doubletoetictac/V89gKQ;CADIAPLAYER_PROLOG;3.0;true;;30001;120063;14410
DRESDEN/gt_ultimatum/pAiiQw;CADIAPLAYER_PROLOG;3.0;false;Test process failed to output results for unknown reason;0;0;0
BASE/nonogram_10x10_1/0Xc62g;CADIAPLAYER_PROLOG;3.0;false;Test process failed to output results for unknown reason;0;0;0
BASE/sudokuGrade6E/ihYFZA;CADIAPLAYER_PROLOG;3.0;true;;30098;11484;244
BASE/sudokuGrade1/tDRNRw;CADIAPLAYER_PROLOG;3.0;true;;30065;12952;365
BASE/skirmishHoles/AUCxCA;CADIAPLAYER_PROLOG;3.0;false;Test process failed to output results for unknown reason;0;0;0
BASE/2pffa/6oHijA;CADIAPLAYER_PROLOG;3.0;false;Test process failed to output results for unknown reason;0;0;0
DRESDEN/chinesecheckers6/yTbPDA;CADIAPLAYER_PROLOG;3.0;false;Test process failed to output results for unknown reason;0;0;0
BASE/racetrackcorridor/_RkdUg;CADIAPLAYER_PROLOG;3.0;true;;30002;53439;2675
BASE/withConviction/3Xm54A;CADIAPLAYER_PROLOG;3.0;true;;30004;71950;2878
BASE/englishDraughts/jFkQxg;CADIAPLAYER_PROLOG;3.0;true;;30012;120272;1719
BASE/dotsAndBoxes/EHwA_w;CADIAPLAYER_PROLOG;3.0;true;;30032;47640;794
DRESDEN/sat_test_20v_91c_version2/a1mPBA;CADIAPLAYER_PROLOG;3.0;true;;30002;65540;3277
BASE/hanoi7_bugfix/3gdnFw;CADIAPLAYER_PROLOG;3.0;true;;30009;263779;2077
BASE/laikLee_hex/zbyscQ;CADIAPLAYER_PROLOG;3.0;true;;30002;79616;3770
BASE/ttcc4_2player_alt/ZEJvYA;CADIAPLAYER_PROLOG;3.0;true;;30002;140601;3822
STANFORD/nineboardtictactoe/y28P-A;CADIAPLAYER_PROLOG;3.0;true;;30000;103233;3523
BASE/brain_teaser_extended/ZDp94A;CADIAPLAYER_PROLOG;3.0;true;;30001;230220;15348
BASE/crissrace/ERWGDA;CADIAPLAYER_PROLOG;3.0;false;Test process failed to output results for unknown reason;0;0;0
BASE/catcha_mouse/cHv4dw;CADIAPLAYER_PROLOG;3.0;true;;30005;31310;2349
BASE/nim3/1OwUqw;CADIAPLAYER_PROLOG;3.0;true;;30002;171657;12939
BASE/quad/tw-Ufg;CADIAPLAYER_PROLOG;3.0;true;;31149;1630;35
BASE/golden_rectangle/_nYzfw;CADIAPLAYER_PROLOG;3.0;true;;30025;4114;136
BASE/checkersTiny/Lr48cg;CADIAPLAYER_PROLOG;3.0;true;;30001;86540;1422
BASE/mineClearingSmall/frsbvw;CADIAPLAYER_PROLOG;3.0;false;Test process failed to output results for unknown reason;0;0;0
BASE/firefighter/WJmoPw;CADIAPLAYER_PROLOG;3.0;true;;30010;111169;2401
STANFORD/multiplesukoshi/vLSQPg;CADIAPLAYER_PROLOG;3.0;true;;30103;11694;252
BASE/ruleDepthExponential/UamhHQ;CADIAPLAYER_PROLOG;3.0;false;Test process failed to output results for unknown reason;0;0;0
BASE/mummyMaze2p_2007/YGA3Vw;CADIAPLAYER_PROLOG;3.0;true;;30006;62414;1328
DRESDEN/ggp-course2013_nicolai/uEin8g;CADIAPLAYER_PROLOG;3.0;true;;30060;21708;689
BASE/pawnWhopping/Ypc_6Q;CADIAPLAYER_PROLOG;3.0;true;;30000;138988;4062
BASE/qyshinsu/R08Lzw;CADIAPLAYER_PROLOG;3.0;true;;30015;86458;3629
BASE/connectFour_9x6/B9TtMw;CADIAPLAYER_PROLOG;3.0;true;;30001;149327;6435
BASE/nineBoardTicTacToePie/B8LzeQ;CADIAPLAYER_PROLOG;3.0;true;;30016;95205;3243
BASE/max_knights/2fq3Ag;CADIAPLAYER_PROLOG;3.0;false;Test process failed to output results for unknown reason;0;0;0
DRESDEN/battle/8oAvhQ;CADIAPLAYER_PROLOG;3.0;false;Test process failed to output results for unknown reason;0;0;0
BASE/knightThrough/gcwFjA;CADIAPLAYER_PROLOG;3.0;true;;30015;58490;1722
DRESDEN/blocks2player/3ev8nQ;CADIAPLAYER_PROLOG;3.0;true;;30000;237672;13204
DRESDEN/chickentictactoe/Ipbo-g;CADIAPLAYER_PROLOG;3.0;true;;30000;196374;27616
BASE/queens16ug/gT-ylw;CADIAPLAYER_PROLOG;3.0;true;;30071;2912;182
DRESDEN/double_tictactoe_dengji/bGaUyQ;CADIAPLAYER_PROLOG;3.0;true;;30003;114459;8044
DRESDEN/chickentoetictac/cxYaRQ;CADIAPLAYER_PROLOG;3.0;true;;30000;259335;36466
BASE/rubiksCube/9tNO9Q;CADIAPLAYER_PROLOG;3.0;false;Test process failed to output results for unknown reason;0;0;0
BASE/dotsAndBoxesSuicide/jzQbLw;CADIAPLAYER_PROLOG;3.0;true;;30016;47520;792
BASE/tictactoe_3d_6player/d7KSwg;CADIAPLAYER_PROLOG;3.0;true;;30076;18936;181
BASE/hexPie/48CH6Q;CADIAPLAYER_PROLOG;3.0;true;;30034;10278;144
BASE/hidato19/rRHSmA;CADIAPLAYER_PROLOG;3.0;true;;30002;79600;10345
BASE/speedChess/bPnisA;CADIAPLAYER_PROLOG;3.0;true;;30030;53230;481
DRESDEN/cylinder-checkers/clOO3Q;CADIAPLAYER_PROLOG;3.0;false;Test process failed to output results for unknown reason;0;0;0
BASE/blocks/xIV5hQ;CADIAPLAYER_PROLOG;3.0;true;;30000;418545;139515
DRESDEN/crisscross/GsY16g;CADIAPLAYER_PROLOG;3.0;true;;30003;126725;4892
DRESDEN/racer/vk_ZBA;CADIAPLAYER_PROLOG;3.0;true;;30029;14063;1066
DRESDEN/crossers3/xiPTxg;CADIAPLAYER_PROLOG;3.0;true;;30002;57357;4340
BASE/majorities/ibJzSQ;CADIAPLAYER_PROLOG;3.0;true;;30178;4982;94
DRESDEN/battlebrushes/QHXV4A;CADIAPLAYER_PROLOG;3.0;true;;30005;25004;1316
DRESDEN/othello-cornercontrol/r5Gdlg;CADIAPLAYER_PROLOG;3.0;false;Test process failed to output results for unknown reason;0;0;0
DRESDEN/3qbf-5cnf-20var-40cl.1.qdimacs.viz.SAT/2034pg;CADIAPLAYER_PROLOG;3.0;true;;30001;119541;2036
DRESDEN/mummymaze2p-comp2007/oTQRQg;CADIAPLAYER_PROLOG;3.0;true;;30014;61716;1313
STANFORD/sukoshi/4LYZZQ;CADIAPLAYER_PROLOG;3.0;true;;30000;248009;45707
BASE/blokbox_simple/JBx4bg;CADIAPLAYER_PROLOG;3.0;true;;30212;2361;103
DRESDEN/chinesecheckers2/06E6-Q;CADIAPLAYER_PROLOG;3.0;false;Test process failed to output results for unknown reason;0;0;0
DRESDEN/fizzbuzz/t1xHzQ;CADIAPLAYER_PROLOG;3.0;true;;30002;281190;9373
STANFORD/duidoku/3SoMaA;CADIAPLAYER_PROLOG;3.0;true;;30103;12063;292
BASE/connect4/50bOyw;CADIAPLAYER_PROLOG;3.0;true;;30015;39326;1853
DRESDEN/chomp/-LcqYQ;CADIAPLAYER_PROLOG;3.0;true;;30000;107427;15205
BASE/biddingTicTacToe/8mESVw;CADIAPLAYER_PROLOG;3.0;true;;30001;158034;10722
BASE/pegEuro/5awwhg;CADIAPLAYER_PROLOG;3.0;true;;30001;48811;1900
DRESDEN/satlike_20v_91c/yeuENQ;CADIAPLAYER_PROLOG;3.0;true;;30002;61340;3067
BASE/duplicateStateMedium/U163eQ;CADIAPLAYER_PROLOG;3.0;false;Test process failed to output results for unknown reason;0;0;0
STANFORD/trifecta/ss1kyQ;CADIAPLAYER_PROLOG;3.0;true;;30000;210420;27566
BASE/chineseCheckers1/gqtwHw;CADIAPLAYER_PROLOG;3.0;false;Test process failed to output results for unknown reason;0;0;0
BASE/double_tictactoe_dengji/zgaSbA;CADIAPLAYER_PROLOG;3.0;true;;30002;114568;8037
DRESDEN/breakthroughsuicide_v2/LU1nAw;CADIAPLAYER_PROLOG;3.0;true;;30014;61074;965
DRESDEN/battlesnakes1509/-qZrLw;CADIAPLAYER_PROLOG;3.0;false;Test process failed to output results for unknown reason;0;0;0
BASE/knightsTour/mvtVIg;CADIAPLAYER_PROLOG;3.0;false;Test process failed to output results for unknown reason;0;0;0
DRESDEN/checkers-newgoals/IJOqXQ;CADIAPLAYER_PROLOG;3.0;false;Test process failed to output results for unknown reason;0;0;0
BASE/queens/HyJJnQ;CADIAPLAYER_PROLOG;3.0;false;Test process failed to output results for unknown reason;0;0;0
BASE/checkers/rOC3Xg;CADIAPLAYER_PROLOG;3.0;true;;30072;39090;389
DRESDEN/hanoi/RQ0jiA;CADIAPLAYER_PROLOG;3.0;true;;30000;306869;9899
BASE/amazonsTorus/soxT8g;CADIAPLAYER_PROLOG;3.0;false;Test process timed out after 240 seconds;0;0;0
STANFORD/dualrainbow/G3OnRQ;CADIAPLAYER_PROLOG;3.0;false;Test process failed to output results for unknown reason;0;0;0
DRESDEN/mimikry/GJEhwA;CADIAPLAYER_PROLOG;3.0;true;;30008;47762;1989
BASE/ticTacHeavenFC/mrletw;CADIAPLAYER_PROLOG;3.0;true;;30007;61272;2318
BASE/nim1/hin2Qw;CADIAPLAYER_PROLOG;3.0;true;;30000;199455;29050
BASE/merrills/pku8Tg;CADIAPLAYER_PROLOG;3.0;true;;30044;34032;568
BASE/tictactoex9/BI26ow;CADIAPLAYER_PROLOG;3.0;true;;30024;15459;529
DRESDEN/3qbf-5cnf-20var-40cl.2.qdimacs.SAT/Q8-axQ;CADIAPLAYER_PROLOG;3.0;true;;30009;124866;2126
BASE/futoshiki4/BaCwSw;CADIAPLAYER_PROLOG;3.0;true;;30000;100417;10210
STANFORD/knightstourbig/TQUI2g;CADIAPLAYER_PROLOG;3.0;false;Test process failed to output results for unknown reason;0;0;0
DRESDEN/roshambo2/jgSlkQ;CADIAPLAYER_PROLOG;3.0;true;;30000;458762;53957
BASE/gt_two_thirds_4p/DStnxQ;CADIAPLAYER_PROLOG;3.0;false;Test process failed to output results for unknown reason;0;0;0
BASE/snakeParallel/RCVNtw;CADIAPLAYER_PROLOG;3.0;true;;30000;287001;62361
DRESDEN/grid_game/U7_Yeg;CADIAPLAYER_PROLOG;3.0;true;;30013;40215;1137
STANFORD/pilgrimage/ObRZnQ;CADIAPLAYER_PROLOG;3.0;false;Test process failed to output results for unknown reason;0;0;0
BASE/ttcc4_2player_small/Cv72TA;CADIAPLAYER_PROLOG;3.0;true;;30002;183308;11705
BASE/kalaha5x2x3/WviNsw;CADIAPLAYER_PROLOG;3.0;false;Test process failed to output results for unknown reason;0;0;0
DRESDEN/pawntoqueen/f_x6Aw;CADIAPLAYER_PROLOG;3.0;true;;30012;19511;1477
DRESDEN/blocksworldparallel/2JfVaw;CADIAPLAYER_PROLOG;3.0;true;;30000;241554;80518
DRESDEN/knightmove/97Ipcw;CADIAPLAYER_PROLOG;3.0;true;;30019;29612;838
STANFORD/duikoshi/tpw1sw;CADIAPLAYER_PROLOG;3.0;true;;30000;120180;9007
BASE/futoshiki6/JmvXNA;CADIAPLAYER_PROLOG;3.0;true;;30007;33904;1543
