BASE/othelloHoles/c0qAzw;FLUXPLAYER_PROLOG;1.1;true;;30000;11045;11045
BASE/checkers-mustjump-torus/uSApKQ;FLUXPLAYER_PROLOG;1.1;true;;30000;188;94
DRESDEN/snake_2009_big/DgC1NQ;FLUXPLAYER_PROLOG;1.1;true;;30000;25704;1441
BASE/tictactoe_3d_small_6player/g_9lww;FLUXPLAYER_PROLOG;1.1;true;;30000;12181;12181
BASE/hidato37/pBrqxw;FLUXPLAYER_PROLOG;1.1;true;;30000;2239;164
BASE/mummymaze2p/vpjDdA;FLUXPLAYER_PROLOG;1.1;true;;30000;6918;1431
DRESDEN/fizzbuzz/t1xHzQ;FLUXPLAYER_PROLOG;1.1;true;;30000;184080;6136
BASE/sum15/QZ07Kg;FLUXPLAYER_PROLOG;1.1;true;;30000;430778;430778
DRESDEN/tictactoe-init1/3ltIBQ;FLUXPLAYER_PROLOG;1.1;true;;30000;530242;530242
STANFORD/hunter/14dD-g;FLUXPLAYER_PROLOG;1.1;true;;30010;370720;26480
BASE/amazonsSuicide/dE1QEQ;FLUXPLAYER_PROLOG;1.1;true;;30000;244;244
BASE/sudokuGrade4/DTy07w;FLUXPLAYER_PROLOG;1.1;true;;30000;1434;37
DRESDEN/battlesnakes1509/-qZrLw;FLUXPLAYER_PROLOG;1.1;true;;30000;0;0
DRESDEN/mimikry/GJEhwA;FLUXPLAYER_PROLOG;1.1;true;;30000;96773;4037
STANFORD/duidoku/3SoMaA;FLUXPLAYER_PROLOG;1.1;true;;30010;717;717
BASE/peg/fJHVWw;FLUXPLAYER_PROLOG;1.1;true;;30000;113211;4650
DRESDEN/tictactoe_orthogonal/y69QFQ;FLUXPLAYER_PROLOG;1.1;true;;30000;515687;515687
DRESDEN/satlike_20v_91c_version2/yd9ioQ;FLUXPLAYER_PROLOG;1.1;true;;30000;88020;4401
BASE/troublemaker02/DI83KA;FLUXPLAYER_PROLOG;1.1;true;;30000;1646826;548961
BASE/sudokuGrade3/eI8dvg;FLUXPLAYER_PROLOG;1.1;true;;30000;1505;39
DRESDEN/chinesecheckers6-simultaneous/gPPGUw;FLUXPLAYER_PROLOG;1.1;true;;30000;28674;486
DRESDEN/max_knights/hCipiA;FLUXPLAYER_PROLOG;1.1;true;;30000;97636;18443
DRESDEN/checkers-mustjump-torus/cVc3gA;FLUXPLAYER_PROLOG;1.1;true;;30000;192;96
DRESDEN/chickentictactoe/Ipbo-g;FLUXPLAYER_PROLOG;1.1;true;;30000;333678;166839
BASE/kitten_escapes_from_fire/uW-YiA;FLUXPLAYER_PROLOG;1.1;true;;30000;893372;107398
BASE/skirmishNew/sibw2g;FLUXPLAYER_PROLOG;1.1;true;;30000;110494;55247
BASE/colonelBlottoVariant/X-n-KQ;FLUXPLAYER_PROLOG;1.1;true;;30000;600;60
BASE/bomberman2p/4CClwA;FLUXPLAYER_PROLOG;1.1;true;;30000;91285;15845
DRESDEN/Catch-Me-If-You-Can/ghGWrA;FLUXPLAYER_PROLOG;1.1;true;;30000;1258;207
BASE/blocksWorld/SEdXLQ;FLUXPLAYER_PROLOG;1.1;true;;30000;927711;309237
DRESDEN/hitori/S8Gsyg;FLUXPLAYER_PROLOG;1.1;true;;30000;23848;247
DRESDEN/chomp/-LcqYQ;FLUXPLAYER_PROLOG;1.1;true;;30000;22333;22333
BASE/futoshiki6/JmvXNA;FLUXPLAYER_PROLOG;1.1;true;;30000;16094;788
BASE/gt_chicken/gmepTQ;FLUXPLAYER_PROLOG;1.1;true;;30000;58760;2938
BASE/gt_tinfoil/Q8DyKg;FLUXPLAYER_PROLOG;1.1;true;;30000;263320;26332
BASE/stateSpaceLarge/0Ge_CQ;FLUXPLAYER_PROLOG;1.1;true;;30000;634886;45349
BASE/snake_2009_big/-oRfVw;FLUXPLAYER_PROLOG;1.1;true;;30000;25776;1412
BASE/lightsOnSimul4/9FeASw;FLUXPLAYER_PROLOG;1.1;true;;30000;127095;19810
BASE/blockerSerial/3eqDuw;FLUXPLAYER_PROLOG;1.1;true;;30000;73;5
BASE/wallmaze/uxNQ9g;FLUXPLAYER_PROLOG;1.1;false;Test process failed to output results for unknown reason;0;0;0
DRESDEN/tttcc4/sAvtFg;FLUXPLAYER_PROLOG;1.1;true;;30020;13;13
DRESDEN/pancakes6/SZXMyQ;FLUXPLAYER_PROLOG;1.1;true;;30000;1512829;38139
BASE/pacman3p/wW7UVQ;FLUXPLAYER_PROLOG;1.1;true;;30000;46681;12014
STANFORD/dualhunter/1rPZjQ;FLUXPLAYER_PROLOG;1.1;true;;30000;247394;17671
BASE/tictactoe_3d_6player/d7KSwg;FLUXPLAYER_PROLOG;1.1;true;;30000;4186;4186
DRESDEN/crissrace/KWb9bw;FLUXPLAYER_PROLOG;1.1;false;Test process failed to output results for unknown reason;0;0;0
DRESDEN/checkers-cylinder-mustjump/vW_-pA;FLUXPLAYER_PROLOG;1.1;true;;30000;276;138
BASE/3pConnectFour/PqXOFQ;FLUXPLAYER_PROLOG;1.1;true;;30000;211959;211959
DRESDEN/god/2EDD5w;FLUXPLAYER_PROLOG;1.1;true;;30000;3787;173
DRESDEN/bunk_t/7-tPfA;FLUXPLAYER_PROLOG;1.1;true;;30000;95951;95951
DRESDEN/minichess/c7GMFw;FLUXPLAYER_PROLOG;1.1;false;Test process failed to output results for unknown reason;0;0;0
STANFORD/triplesukoshi/Iu9mbA;FLUXPLAYER_PROLOG;1.1;true;;30000;156177;22311
DRESDEN/4pttc/9pB9AQ;FLUXPLAYER_PROLOG;1.1;true;;30000;96224;3007
DRESDEN/doubletictactoe/lJzgmQ;FLUXPLAYER_PROLOG;1.1;true;;30000;96940;96940
BASE/kalaha_2009/dRiN3g;FLUXPLAYER_PROLOG;1.1;true;;30000;19452;6484
BASE/4pttc/AL1k2Q;FLUXPLAYER_PROLOG;1.1;true;;30010;92864;2902
DRESDEN/vacuumcleaner_obstacles_3/4NjSmw;FLUXPLAYER_PROLOG;1.1;true;;30000;38428;6390
DRESDEN/knightthrough/J7Fc_Q;FLUXPLAYER_PROLOG;1.1;true;;30030;161;161
BASE/sudokuGrade6H/ieE_9A;FLUXPLAYER_PROLOG;1.1;true;;30000;1160;24
BASE/hitori/S8Gsyg;FLUXPLAYER_PROLOG;1.1;true;;30000;24172;250
BASE/checkers-mustjump/T-8UuQ;FLUXPLAYER_PROLOG;1.1;true;;30000;444;222
DRESDEN/3qbf-5cnf-20var-40cl.1.qdimacs.SAT/2034pg;FLUXPLAYER_PROLOG;1.1;true;;30000;83988;83988
BASE/queens08lg/Ru7eqQ;FLUXPLAYER_PROLOG;1.1;true;;30000;0;0
DRESDEN/coins/QwFP9w;FLUXPLAYER_PROLOG;1.1;true;;30000;88026;35184
DRESDEN/skirmish2/iPpWhQ;FLUXPLAYER_PROLOG;1.1;false;Test process failed to output results for unknown reason;0;0;0
DRESDEN/sheep_and_wolf/enAIzQ;FLUXPLAYER_PROLOG;1.1;false;Test process failed to output results for unknown reason;0;0;0
DRESDEN/tictactoe_3d_2player/LMuX9w;FLUXPLAYER_PROLOG;1.1;true;;30000;80564;80564
BASE/chickentoetictac/l57rfQ;FLUXPLAYER_PROLOG;1.1;true;;30000;358614;179307
DRESDEN/chinesecheckers3/QsCb2A;FLUXPLAYER_PROLOG;1.1;true;;30000;88221;29407
BASE/conn4/va9Y7A;FLUXPLAYER_PROLOG;1.1;true;;30000;34706;34706
BASE/quad/tw-Ufg;FLUXPLAYER_PROLOG;1.1;true;;30000;164;41
BASE/beatMania/qUHwvQ;FLUXPLAYER_PROLOG;1.1;true;;30000;485280;8088
BASE/4pffa/Q3ADlg;FLUXPLAYER_PROLOG;1.1;true;;30010;363040;9076
BASE/2pffa_zerosum/o0_uZA;FLUXPLAYER_PROLOG;1.1;true;;30010;578760;19292
DRESDEN/racetrackcorridor/O0DoTA;FLUXPLAYER_PROLOG;1.1;false;Test process failed to output results for unknown reason;0;0;0
BASE/checkers/rOC3Xg;FLUXPLAYER_PROLOG;1.1;true;;30000;822;411
BASE/rubiksCube/9tNO9Q;FLUXPLAYER_PROLOG;1.1;true;;30000;92150;1843
DRESDEN/frogs_and_toads/GjchhQ;FLUXPLAYER_PROLOG;1.1;true;;30000;86768;748
BASE/amazonsTorus/soxT8g;FLUXPLAYER_PROLOG;1.1;false;Test process failed to output results for unknown reason;0;0;0
STANFORD/pentago/ZxzLmg;FLUXPLAYER_PROLOG;1.1;true;;30000;188357;188357
BASE/minichess-evilconjuncts/4OpQzw;FLUXPLAYER_PROLOG;1.1;false;Test process failed to output results for unknown reason;0;0;0
DRESDEN/tictactoe_3player/ESLQQQ;FLUXPLAYER_PROLOG;1.1;true;;30000;80626;40313
DRESDEN/3pffa/0YrmQw;FLUXPLAYER_PROLOG;1.1;true;;30000;477330;15911
DRESDEN/checkers-newgoals/IJOqXQ;FLUXPLAYER_PROLOG;1.1;true;;30000;954;477
BASE/connectFourSuicide/c8p9Kw;FLUXPLAYER_PROLOG;1.1;true;;30010;425919;425919
BASE/connect5/d-BVQg;FLUXPLAYER_PROLOG;1.1;true;;30000;64816;32408
BASE/pearls/6k_mEQ;FLUXPLAYER_PROLOG;1.1;true;;30000;1057826;96166
DRESDEN/grid_game2/kypTYQ;FLUXPLAYER_PROLOG;1.1;true;;30000;72239;72239
STANFORD/3puzzle/41ibjA;FLUXPLAYER_PROLOG;1.1;true;;30000;903072;150512
BASE/ticTacHeavenFC/mrletw;FLUXPLAYER_PROLOG;1.1;true;;30000;121399;121399
DRESDEN/skirmishfinal/hzq8ww;FLUXPLAYER_PROLOG;1.1;true;;30030;133;133
BASE/biddingTicTacToe/8mESVw;FLUXPLAYER_PROLOG;1.1;true;;30000;64959;9313
STANFORD/bestbuttonsandlightsbig/g0JC6g;FLUXPLAYER_PROLOG;1.1;true;;30000;1008654;168109
STANFORD/pilgrimage/ObRZnQ;FLUXPLAYER_PROLOG;1.1;true;;30000;266412;22201
STANFORD/duikoshi/tpw1sw;FLUXPLAYER_PROLOG;1.1;true;;30000;239540;34220
DRESDEN/gt_ultimatum/pAiiQw;FLUXPLAYER_PROLOG;1.1;true;;30000;15480;774
BASE/knightThrough/gcwFjA;FLUXPLAYER_PROLOG;1.1;true;;30010;156;156
BASE/gt_coordination/IVMOzA;FLUXPLAYER_PROLOG;1.1;true;;30000;136700;6835
DRESDEN/breakthroughsuicide_v2/LU1nAw;FLUXPLAYER_PROLOG;1.1;true;;30020;134;134
DRESDEN/brawl/2kXtfQ;FLUXPLAYER_PROLOG;1.1;false;Test process failed to output results for unknown reason;0;0;0
DRESDEN/skirmish3/3LU8Nw;FLUXPLAYER_PROLOG;1.1;false;Test process failed to output results for unknown reason;0;0;0
DRESDEN/tictactoelarge/IwXcbg;FLUXPLAYER_PROLOG;1.1;true;;30000;572575;572575
BASE/firefighter/WJmoPw;FLUXPLAYER_PROLOG;1.1;true;;30000;499248;11280
BASE/ruleDepthExponential/UamhHQ;FLUXPLAYER_PROLOG;1.1;false;Test process failed to output results for unknown reason;0;0;0
DRESDEN/chinesecheckers2/06E6-Q;FLUXPLAYER_PROLOG;1.1;false;Test process failed to output results for unknown reason;0;0;0
DRESDEN/racer/vk_ZBA;FLUXPLAYER_PROLOG;1.1;true;;30000;448;448
BASE/checkersBarrelNoKings/rnKNeg;FLUXPLAYER_PROLOG;1.1;true;;30000;11;11
BASE/hex/T1MK8g;FLUXPLAYER_PROLOG;1.1;false;Test process failed to output results for unknown reason;0;0;0
DRESDEN/eotcatcit/mQUxzA;FLUXPLAYER_PROLOG;1.1;true;;30000;448080;448080
DRESDEN/troublemaker01/C-lPWw;FLUXPLAYER_PROLOG;1.1;true;;30000;1714082;571601
BASE/hidato19/rRHSmA;FLUXPLAYER_PROLOG;1.1;true;;30000;18490;2758
BASE/factoringEasyTurtleBrain/lUj94Q;FLUXPLAYER_PROLOG;1.1;true;;30010;403320;6722
BASE/checkersSmall/SYmq8w;FLUXPLAYER_PROLOG;1.1;true;;30000;1540;770
BASE/nim1/hin2Qw;FLUXPLAYER_PROLOG;1.1;false;Test process failed to output results for unknown reason;0;0;0
BASE/duplicateStateLarge/dcjyuw;FLUXPLAYER_PROLOG;1.1;true;;30000;121450;8675
BASE/gt_two_thirds_2p/1APDGg;FLUXPLAYER_PROLOG;1.1;true;;30000;571027;571027
DRESDEN/skirmish/RjGQYQ;FLUXPLAYER_PROLOG;1.1;false;Test process failed to output results for unknown reason;0;0;0
BASE/battlebrushes/arCwyA;FLUXPLAYER_PROLOG;1.1;true;;30000;14516;764
DRESDEN/roshambo2/jgSlkQ;FLUXPLAYER_PROLOG;1.1;true;;30000;1176465;235293
DRESDEN/mummymaze1p/AekgaQ;FLUXPLAYER_PROLOG;1.1;true;;30000;152277;26986
DRESDEN/farmers/S_ASnw;FLUXPLAYER_PROLOG;1.1;true;;30000;1780;178
DRESDEN/pentago_2008/hLjVpQ;FLUXPLAYER_PROLOG;1.1;true;;30000;226918;226918
DRESDEN/Thief_Police/CX18rA;FLUXPLAYER_PROLOG;1.1;true;;30000;1248;207
DRESDEN/vacuumcleaner_obstacles_1/CqS-7A;FLUXPLAYER_PROLOG;1.1;true;;30000;360482;60098
DRESDEN/3qbf-5cnf-20var-40cl.2.qdimacs.SAT/Q8-axQ;FLUXPLAYER_PROLOG;1.1;true;;30000;84204;84204
BASE/pancakes88/l2Xaig;FLUXPLAYER_PROLOG;1.1;true;;30010;1326450;33166
BASE/dotsAndBoxesSuicide/jzQbLw;FLUXPLAYER_PROLOG;1.1;true;;30000;226673;226673
BASE/gt_centipede/9fRMpw;FLUXPLAYER_PROLOG;1.1;true;;30000;885508;885508
BASE/skirmishFinal2/gdB62Q;FLUXPLAYER_PROLOG;1.1;true;;30000;132;132
DRESDEN/knightazons/02I8BQ;FLUXPLAYER_PROLOG;1.1;true;;30000;33822;33822
DRESDEN/checkers-mustjump/HUr33w;FLUXPLAYER_PROLOG;1.1;true;;30000;432;216
BASE/tictactoe_3player/GtM71g;FLUXPLAYER_PROLOG;1.1;true;;30000;80616;40308
BASE/nineBoardTicTacToePie/B8LzeQ;FLUXPLAYER_PROLOG;1.1;true;;30000;97914;97914
BASE/racer/QQYQNw;FLUXPLAYER_PROLOG;1.1;true;;30000;459;459
BASE/colonelBlottoVariant2/jruwGw;FLUXPLAYER_PROLOG;1.1;true;;30000;650;177
BASE/factoringGeorgeForman/HGRorQ;FLUXPLAYER_PROLOG;1.1;true;;30000;609328;12752
BASE/breakthroughSmall/HJ0tIA;FLUXPLAYER_PROLOG;1.1;true;;30000;695;695
BASE/checkers-cylinder-mustjump/rjr6qQ;FLUXPLAYER_PROLOG;1.1;true;;30000;272;136
BASE/tictactoe2/bhrDoQ;FLUXPLAYER_PROLOG;1.1;true;;30000;826972;826972
STANFORD/alquerquezero/uVgA_A;FLUXPLAYER_PROLOG;1.1;false;Test process failed to output results for unknown reason;0;0;0
BASE/gt_ultimatum/GE-uOA;FLUXPLAYER_PROLOG;1.1;true;;30010;15120;756
DRESDEN/kitten_escapes_from_fire/uW-YiA;FLUXPLAYER_PROLOG;1.1;true;;30000;894320;107732
BASE/numbertictactoe/rvJ-iQ;FLUXPLAYER_PROLOG;1.1;true;;30000;299866;299866
BASE/eotcitcit/V_9_bg;FLUXPLAYER_PROLOG;1.1;true;;30010;264922;264922
DRESDEN/blocksworldparallel/2JfVaw;FLUXPLAYER_PROLOG;1.1;true;;30000;362895;120965
BASE/ticTacToeLarge/TZC0dg;FLUXPLAYER_PROLOG;1.1;true;;30000;574245;574245
DRESDEN/knightwar/7hhAqg;FLUXPLAYER_PROLOG;1.1;true;;30000;328077;328077
BASE/asteroids/BKCmPQ;FLUXPLAYER_PROLOG;1.1;true;;30000;764161;16441
BASE/pancakes6/QZTdnw;FLUXPLAYER_PROLOG;1.1;true;;30000;1517318;38256
DRESDEN/battle/8oAvhQ;FLUXPLAYER_PROLOG;1.1;true;;30000;14380;1438
STANFORD/tictictoe/rpt_Dw;FLUXPLAYER_PROLOG;1.1;true;;30000;265900;265900
STANFORD/connectfour/VMpZkQ;FLUXPLAYER_PROLOG;1.1;true;;30000;421115;421115
BASE/blocker/dIWtxg;FLUXPLAYER_PROLOG;1.1;true;;30000;412717;412717
BASE/chineseCheckers2/eCMR3Q;FLUXPLAYER_PROLOG;1.1;true;;30000;1284543;32937
DRESDEN/bomberman2p/x4h6jQ;FLUXPLAYER_PROLOG;1.1;true;;30000;90468;15718
DRESDEN/othello-cornercontrol/r5Gdlg;FLUXPLAYER_PROLOG;1.1;true;;30000;425;425
BASE/ruleDepthLinear/OUBJpQ;FLUXPLAYER_PROLOG;1.1;true;;30000;2270123;1135847
DRESDEN/four_way_battle/xSOQXA;FLUXPLAYER_PROLOG;1.1;true;;30000;25760;2576
BASE/queens31lg/0gID-A;FLUXPLAYER_PROLOG;1.1;true;;30000;0;0
BASE/strangeSkirmish/gc1zKA;FLUXPLAYER_PROLOG;1.1;true;;30010;57;57
BASE/skirmishFinal1/ecWTnQ;FLUXPLAYER_PROLOG;1.1;true;;30010;132;132
DRESDEN/troublemaker02/iZLVuA;FLUXPLAYER_PROLOG;1.1;true;;30000;1656058;551836
BASE/knightsTourLarge/M8jgLA;FLUXPLAYER_PROLOG;1.1;true;;30010;1061382;176869
BASE/survival/YVIjJA;FLUXPLAYER_PROLOG;1.1;true;;30000;1619646;1388616
BASE/amazons_10x10/Bun8dA;FLUXPLAYER_PROLOG;1.1;true;;30000;41989;41989
DRESDEN/guess/PhxGhg;FLUXPLAYER_PROLOG;1.1;true;;30000;67188;6108
BASE/connectFourLarger/qKi60A;FLUXPLAYER_PROLOG;1.1;true;;30000;84878;84878
BASE/factoringMediumTurtleBrain/8RBqmQ;FLUXPLAYER_PROLOG;1.1;true;;30000;77868;927
STANFORD/knightstourbig/TQUI2g;FLUXPLAYER_PROLOG;1.1;true;;30000;1052321;184103
BASE/golden_rectangle/_nYzfw;FLUXPLAYER_PROLOG;1.1;true;;30000;712;178
BASE/amazons_8x8/7SOsIw;FLUXPLAYER_PROLOG;1.1;true;;30000;60267;60267
BASE/nim4/twk16w;FLUXPLAYER_PROLOG;1.1;false;Test process failed to output results for unknown reason;0;0;0
BASE/copolymer_4/2LDVhQ;FLUXPLAYER_PROLOG;1.1;false;Test process failed to output results for unknown reason;0;0;0
BASE/checkersTiny/Lr48cg;FLUXPLAYER_PROLOG;1.1;true;;30000;3820;1910
DRESDEN/pawn_whopping_simultaneous/r8dLfw;FLUXPLAYER_PROLOG;1.1;true;;30000;122200;122200
BASE/minichess/8NQEiA;FLUXPLAYER_PROLOG;1.1;false;Test process failed to output results for unknown reason;0;0;0
STANFORD/untwistycorridor/EDPPAQ;FLUXPLAYER_PROLOG;1.1;true;;30000;923419;131917
BASE/pawnWhopping/Ypc_6Q;FLUXPLAYER_PROLOG;1.1;true;;30000;220778;220778
BASE/hanoi_6_disks/MeubgQ;FLUXPLAYER_PROLOG;1.1;true;;30000;568112;159568
DRESDEN/SC_TestOnly_enabled/09o7gQ;FLUXPLAYER_PROLOG;1.1;true;;30000;566334;62926
DRESDEN/battlebrushes/QHXV4A;FLUXPLAYER_PROLOG;1.1;true;;30000;9272;488
BASE/gt_two_thirds_4p/DStnxQ;FLUXPLAYER_PROLOG;1.1;true;;30000;547815;547815
BASE/othelloSuicide/B442jg;FLUXPLAYER_PROLOG;1.1;true;;30000;14291;14291
BASE/chineseCheckers3/-1rZdQ;FLUXPLAYER_PROLOG;1.1;true;;30000;1061823;17997
DRESDEN/nim4/F5YAYg;FLUXPLAYER_PROLOG;1.1;false;Test process failed to output results for unknown reason;0;0;0
BASE/zhadu/DlA8iQ;FLUXPLAYER_PROLOG;1.1;true;;30000;37133;37133
BASE/connect4/50bOyw;FLUXPLAYER_PROLOG;1.1;true;;30000;33427;33427
BASE/simultaneousWin2/PfjRjw;FLUXPLAYER_PROLOG;1.1;true;;30000;4923;78
BASE/bunk_t/xbpfIA;FLUXPLAYER_PROLOG;1.1;true;;30000;95595;95595
BASE/chineseCheckers4/avfBcQ;FLUXPLAYER_PROLOG;1.1;true;;30000;735671;12469
BASE/majorities/ibJzSQ;FLUXPLAYER_PROLOG;1.1;false;Test process failed to output results for unknown reason;0;0;0
DRESDEN/3pttc/uwYBZw;FLUXPLAYER_PROLOG;1.1;true;;30000;464340;15478
DRESDEN/pancakes88/aD3E7g;FLUXPLAYER_PROLOG;1.1;true;;30000;1334874;33376
DRESDEN/checkers/jIDMIg;FLUXPLAYER_PROLOG;1.1;true;;30000;968;484
STANFORD/trifecta/ss1kyQ;FLUXPLAYER_PROLOG;1.1;true;;30000;457101;457101
DRESDEN/quad_5x5/JAEP5g;FLUXPLAYER_PROLOG;1.1;true;;30000;160;40
DRESDEN/gt_chicken/CeuKtw;FLUXPLAYER_PROLOG;1.1;true;;30000;58300;2915
BASE/coins_atomic/AA3SSw;FLUXPLAYER_PROLOG;1.1;true;;30000;87169;34925
DRESDEN/sat_test_20v_91c_version2/a1mPBA;FLUXPLAYER_PROLOG;1.1;true;;30000;48890;48890
DRESDEN/3qbf-5cnf-20var-40cl.0.qdimacs/-6hrIw;FLUXPLAYER_PROLOG;1.1;true;;30000;84381;84381
BASE/checkers-newgoals/0XkFiA;FLUXPLAYER_PROLOG;1.1;true;;30000;984;492
BASE/chineseCheckers1/gqtwHw;FLUXPLAYER_PROLOG;1.1;true;;30000;900354;31735
BASE/nonogram_10x10_1/0Xc62g;FLUXPLAYER_PROLOG;1.1;true;;30000;28333;1132
BASE/queens16ug/gT-ylw;FLUXPLAYER_PROLOG;1.1;true;;30010;42864;2679
DRESDEN/vacuumcleaner_obstacles_2/Y-R7tA;FLUXPLAYER_PROLOG;1.1;true;;30000;367603;61267
BASE/gt_two_thirds_6p/867v3Q;FLUXPLAYER_PROLOG;1.1;true;;30000;532165;532165
BASE/skirmishHoles/AUCxCA;FLUXPLAYER_PROLOG;1.1;true;;30000;59;59
BASE/sudokuGrade6E/ihYFZA;FLUXPLAYER_PROLOG;1.1;true;;30000;1118;24
BASE/blokbox_simple/JBx4bg;FLUXPLAYER_PROLOG;1.1;true;;30000;147;147
DRESDEN/amazons/dNB28A;FLUXPLAYER_PROLOG;1.1;true;;30000;2352;2352
BASE/asteroidsParallel/WauZiA;FLUXPLAYER_PROLOG;1.1;true;;30000;404884;9202
STANFORD/tictactoe/ss1kyQ;FLUXPLAYER_PROLOG;1.1;true;;30000;469075;469075
STANFORD/dualrainbow/G3OnRQ;FLUXPLAYER_PROLOG;1.1;true;;30000;369750;61625
BASE/othello-comp2007/86ZoMw;FLUXPLAYER_PROLOG;1.1;true;;30000;14333;14333
DRESDEN/point_grab/r5DPmQ;FLUXPLAYER_PROLOG;1.1;true;;30000;901060;45053
BASE/tpeg/QNs7Lw;FLUXPLAYER_PROLOG;1.1;true;;30000;114439;9384
DRESDEN/statespacemedium/dVJZ_w;FLUXPLAYER_PROLOG;1.1;true;;30000;918198;102022
BASE/pegEuro/5awwhg;FLUXPLAYER_PROLOG;1.1;true;;30000;95117;3699
STANFORD/untwistycomplex/HTWEwg;FLUXPLAYER_PROLOG;1.1;false;Test process failed to output results for unknown reason;0;0;0
DRESDEN/uf20-01.cnf.SAT/42Rs8A;FLUXPLAYER_PROLOG;1.1;true;;30000;87260;4363
BASE/queens06ug/7Lq3tw;FLUXPLAYER_PROLOG;1.1;true;;30000;260790;43465
BASE/wargame02/BkVqqQ;FLUXPLAYER_PROLOG;1.1;true;;30000;30995;10261
DRESDEN/quad_5x5_8_2/JRTLJg;FLUXPLAYER_PROLOG;1.1;true;;30000;160;40
BASE/snake_2008/i6K26g;FLUXPLAYER_PROLOG;1.1;true;;30000;45394;2803
BASE/hallway/ckCJOw;FLUXPLAYER_PROLOG;1.1;true;;30000;10561;10561
DRESDEN/pawn_whopping/4ogBkg;FLUXPLAYER_PROLOG;1.1;true;;30000;215698;215698
BASE/queens08ug/kJ_ZFQ;FLUXPLAYER_PROLOG;1.1;true;;30010;158808;19851
DRESDEN/vacuum_cleaner_1/eUNjpw;FLUXPLAYER_PROLOG;1.1;true;;30000;439333;73431
DRESDEN/statespacelarge/8-y5HQ;FLUXPLAYER_PROLOG;1.1;true;;30000;626864;44776
BASE/cittaceot/fDxhXg;FLUXPLAYER_PROLOG;1.1;true;;30000;2073;2073
DRESDEN/peg/Vo31eg;FLUXPLAYER_PROLOG;1.1;true;;30000;113756;4670
DRESDEN/chinesecheckers6/yTbPDA;FLUXPLAYER_PROLOG;1.1;true;;30000;40017;13339
DRESDEN/lightsout2/LFtfyQ;FLUXPLAYER_PROLOG;1.1;true;;30000;111060;5553
BASE/eotcatcit/AfZSzA;FLUXPLAYER_PROLOG;1.1;true;;30000;454553;454553
BASE/pentago/86NgKw;FLUXPLAYER_PROLOG;1.1;true;;30000;224023;224023
DRESDEN/capture_the_king/EQ229Q;FLUXPLAYER_PROLOG;1.1;true;;30050;153;153
DRESDEN/battlesnakes2011/93VtTw;FLUXPLAYER_PROLOG;1.1;true;;30010;0;0
BASE/hexPie/48CH6Q;FLUXPLAYER_PROLOG;1.1;true;;30000;50359;28332
BASE/connectFour_9x6/B9TtMw;FLUXPLAYER_PROLOG;1.1;true;;30000;379894;379894
BASE/queens12ug/u6Bkmg;FLUXPLAYER_PROLOG;1.1;true;;30000;72684;6057
DRESDEN/pancakes/hl9aiQ;FLUXPLAYER_PROLOG;1.1;true;;30000;1509991;38037
DRESDEN/8puzzle/8fKC2w;FLUXPLAYER_PROLOG;1.1;true;;30000;496560;8276
DRESDEN/snake_2008/E56l3A;FLUXPLAYER_PROLOG;1.1;true;;30000;45327;2827
DRESDEN/oisters_farm/pTQMLg;FLUXPLAYER_PROLOG;1.1;true;;30000;905450;18480
DRESDEN/quartosuicide/WIU1oQ;FLUXPLAYER_PROLOG;1.1;true;;30000;56402;28201
BASE/guess/SPpk1A;FLUXPLAYER_PROLOG;1.1;true;;30000;66979;6089
BASE/cylinder-checkers/hlldmw;FLUXPLAYER_PROLOG;1.1;true;;30000;756;378
DRESDEN/2player_normal_form_2010/NG_Kdg;FLUXPLAYER_PROLOG;1.1;true;;30000;903182;903182
STANFORD/freeforall/Lfp40Q;FLUXPLAYER_PROLOG;1.1;true;;30010;617850;20595
BASE/breakthroughHoles/nZk0Sg;FLUXPLAYER_PROLOG;1.1;true;;30010;136;136
BASE/eightPuzzle/vLrgFg;FLUXPLAYER_PROLOG;1.1;true;;30000;504360;8406
DRESDEN/backgammon/mqCW0Q;FLUXPLAYER_PROLOG;1.1;true;;30000;10410;694
BASE/smallest_4player/ADDROA;FLUXPLAYER_PROLOG;1.1;true;;30000;4344;181
BASE/reversiSuicide/9OxJlg;FLUXPLAYER_PROLOG;1.1;true;;30000;13127;13127
STANFORD/tictactoe5/WFRReg;FLUXPLAYER_PROLOG;1.1;true;;30000;515047;515047
DRESDEN/ggp-course2013_michal13/jWKddg;FLUXPLAYER_PROLOG;1.1;true;;30000;5155;5155
BASE/mummyMaze2p_2007/YGA3Vw;FLUXPLAYER_PROLOG;1.1;true;;30000;65557;18729
STANFORD/multiplesukoshi/vLSQPg;FLUXPLAYER_PROLOG;1.1;true;;30000;7837;170
BASE/gt_attrition/kD_SCA;FLUXPLAYER_PROLOG;1.1;true;;30000;0;0
BASE/knightazons/apnJBQ;FLUXPLAYER_PROLOG;1.1;true;;30000;33641;33641
DRESDEN/tictictoe/LAUtwg;FLUXPLAYER_PROLOG;1.1;true;;30000;268799;268799
BASE/alexChess/LNo83g;FLUXPLAYER_PROLOG;1.1;false;Test process failed to output results for unknown reason;0;0;0
DRESDEN/pacman3p/rBnk8Q;FLUXPLAYER_PROLOG;1.1;true;;30000;46496;12068
BASE/asteroidsSerial/id2QkA;FLUXPLAYER_PROLOG;1.1;true;;30000;237126;2551
BASE/hanoi7_bugfix/3gdnFw;FLUXPLAYER_PROLOG;1.1;true;;30000;569341;4483
BASE/tictactoe_orthogonal/WRzlVw;FLUXPLAYER_PROLOG;1.1;true;;30000;517813;517813
BASE/tictactoe-init1/7M19vA;FLUXPLAYER_PROLOG;1.1;true;;30000;542669;542669
DRESDEN/latenttictactoe/kITHKg;FLUXPLAYER_PROLOG;1.1;true;;30000;161858;161858
BASE/aipsrovers01/4C4jsw;FLUXPLAYER_PROLOG;1.1;true;;30000;223588;7726
BASE/hodgepodge/9yjRkw;FLUXPLAYER_PROLOG;1.1;true;;30000;506796;506796
BASE/nim2/eF2Qqw;FLUXPLAYER_PROLOG;1.1;false;Test process failed to output results for unknown reason;0;0;0
BASE/endgame/jYjfOA;FLUXPLAYER_PROLOG;1.1;false;Test process failed to output results for unknown reason;0;0;0
DRESDEN/blocker/S815zQ;FLUXPLAYER_PROLOG;1.1;true;;30000;430394;430394
BASE/2pffa/6oHijA;FLUXPLAYER_PROLOG;1.1;true;;30010;578940;19298
DRESDEN/golden_rectangle/1uloXw;FLUXPLAYER_PROLOG;1.1;true;;30000;108;27
BASE/chickentictactoe/DSlZCA;FLUXPLAYER_PROLOG;1.1;true;;30000;334000;167000
BASE/knightfight/SJRkAg;FLUXPLAYER_PROLOG;1.1;true;;30000;174953;174953
BASE/skirmish/Y_psYQ;FLUXPLAYER_PROLOG;1.1;true;;30010;111;111
STANFORD/skirmish/w4V6Vw;FLUXPLAYER_PROLOG;1.1;true;;30020;152;152
BASE/nineBoardTicTacToe/wRmqqA;FLUXPLAYER_PROLOG;1.1;true;;30000;134608;134608
BASE/crisscross/ICagEg;FLUXPLAYER_PROLOG;1.1;true;;30000;0;0
BASE/quartoSuicide/-23jUg;FLUXPLAYER_PROLOG;1.1;true;;30000;56412;28206
BASE/sheepAndWolf/g4THrg;FLUXPLAYER_PROLOG;1.1;false;Test process failed to output results for unknown reason;0;0;0
DRESDEN/vacuumcleaner_obstacles_5/fXBV4g;FLUXPLAYER_PROLOG;1.1;true;;30000;38833;6524
DRESDEN/hanoi7/51zz5Q;FLUXPLAYER_PROLOG;1.1;true;;30000;567436;4468
BASE/blocksWorldSerial/Wyg96Q;FLUXPLAYER_PROLOG;1.1;true;;30000;327930;54655
STANFORD/multipletictactoe/_bkafQ;FLUXPLAYER_PROLOG;1.1;true;;30000;42725;42725
STANFORD/bestbuttonsandlights/nm0wEA;FLUXPLAYER_PROLOG;1.1;true;;30000;1148436;191406
BASE/dualConnect4/WbCQkg;FLUXPLAYER_PROLOG;1.1;true;;30000;204055;204055
DRESDEN/3qbf-5cnf-20var-40cl.1.qdimacs.viz.SAT/2034pg;FLUXPLAYER_PROLOG;1.1;true;;30000;82949;82949
STANFORD/multiplebuttonsandlights_9/SqB9BA;FLUXPLAYER_PROLOG;1.1;true;;30000;1240472;206746
BASE/coloredtrails/EZvr7g;FLUXPLAYER_PROLOG;1.1;true;;30000;181095;181095
BASE/kalaha6x2x4/XS81Mg;FLUXPLAYER_PROLOG;1.1;true;;30000;22893;7631
STANFORD/nineboardtictactoe/y28P-A;FLUXPLAYER_PROLOG;1.1;true;;30000;137259;137259
DRESDEN/cube_2x2x2/fp-34Q;FLUXPLAYER_PROLOG;1.1;true;;30000;212674;17746
BASE/snake_2008_tweaked/bX0NJQ;FLUXPLAYER_PROLOG;1.1;true;;30000;45036;2800
BASE/ticTacToeNoVars/XT03NA;FLUXPLAYER_PROLOG;1.1;true;;30000;514269;514269
STANFORD/eightpuzzle/W_aWbA;FLUXPLAYER_PROLOG;1.1;true;;30000;484250;9685
BASE/double_tictactoe_dengji/zgaSbA;FLUXPLAYER_PROLOG;1.1;true;;30000;101068;101068
BASE/untwistycomplex2/EDPPAQ;FLUXPLAYER_PROLOG;1.1;true;;30000;886928;126704
BASE/nonogram_5x5_1/qLKEZw;FLUXPLAYER_PROLOG;1.1;true;;30000;219232;37841
BASE/wargame01/_GZFZg;FLUXPLAYER_PROLOG;1.1;true;;30000;55829;5563
BASE/ttcc4_2player_small/Cv72TA;FLUXPLAYER_PROLOG;1.1;true;;30000;264;264
DRESDEN/quad_7x7/q-JOXg;FLUXPLAYER_PROLOG;1.1;true;;30000;1652;413
BASE/lightsOnParallel/SC6enA;FLUXPLAYER_PROLOG;1.1;true;;30000;401030;20249
DRESDEN/knightfight/4_Ly4w;FLUXPLAYER_PROLOG;1.1;true;;30000;175666;175666
BASE/lightsOn/MsXu3A;FLUXPLAYER_PROLOG;1.1;true;;30000;873727;70015
DRESDEN/circlesolitaire/ruUilQ;FLUXPLAYER_PROLOG;1.1;true;;30000;609567;59121
DRESDEN/babel/WdSW4A;FLUXPLAYER_PROLOG;1.1;true;;30000;22664;2082
DRESDEN/knightstour/cGISAA;FLUXPLAYER_PROLOG;1.1;true;;30000;1173605;241425
BASE/ad_game_2x2/D0aWqg;FLUXPLAYER_PROLOG;1.1;true;;30090;0;0
DRESDEN/blockerparallel/dVQgSg;FLUXPLAYER_PROLOG;1.1;true;;30000;10876;1683
DRESDEN/uf20-010.cnf.SAT/5ICbCg;FLUXPLAYER_PROLOG;1.1;true;;30000;86620;4331
BASE/colonelBlotto/jip21A;FLUXPLAYER_PROLOG;1.1;true;;30040;0;0
BASE/3pttc/0sol9g;FLUXPLAYER_PROLOG;1.1;true;;30000;444420;14814
BASE/connectFourLarge/aU644A;FLUXPLAYER_PROLOG;1.1;true;;30000;248962;248962
BASE/sudokuGrade5/BQfUQA;FLUXPLAYER_PROLOG;1.1;true;;30000;1662;43
BASE/reversi/d8UMeA;FLUXPLAYER_PROLOG;1.1;true;;30000;13161;13161
DRESDEN/chickentoetictac/cxYaRQ;FLUXPLAYER_PROLOG;1.1;true;;30000;354400;177200
BASE/gt_staghunt/xPjLRA;FLUXPLAYER_PROLOG;1.1;true;;30000;96480;4824
STANFORD/sudoku/oJ1qyQ;FLUXPLAYER_PROLOG;1.1;true;;30000;1367;33
DRESDEN/blocks/vg0DRw;FLUXPLAYER_PROLOG;1.1;true;;30000;935817;311939
BASE/merrills/pku8Tg;FLUXPLAYER_PROLOG;1.1;true;;30010;60;1
BASE/gt_prisoner/klthDw;FLUXPLAYER_PROLOG;1.1;true;;30000;64660;3233
BASE/chess_200/XsTpYA;FLUXPLAYER_PROLOG;1.1;true;;30000;20412;10206
STANFORD/sukoshi/4LYZZQ;FLUXPLAYER_PROLOG;1.1;true;;30000;364912;67158
BASE/max_knights/2fq3Ag;FLUXPLAYER_PROLOG;1.1;true;;30000;95814;18023
DRESDEN/mummymaze2p/k-8edg;FLUXPLAYER_PROLOG;1.1;true;;30000;6924;1432
BASE/ttcc4_2player/_aH_Mw;FLUXPLAYER_PROLOG;1.1;true;;30000;35;35
DRESDEN/merrills/aYEzwA;FLUXPLAYER_PROLOG;1.1;true;;30000;60;1
DRESDEN/cubicup/SBn_lw;FLUXPLAYER_PROLOG;1.1;true;;30000;131167;131167
BASE/stateSpaceMedium/3bUoIw;FLUXPLAYER_PROLOG;1.1;true;;30000;910044;101116
STANFORD/tictactoe7/-bE9-A;FLUXPLAYER_PROLOG;1.1;true;;30000;488608;488608
DRESDEN/hallway/0H4l-Q;FLUXPLAYER_PROLOG;1.1;true;;30000;10718;10718
BASE/duplicateStateSmall/bCPAXw;FLUXPLAYER_PROLOG;1.1;true;;30000;771460;192865
STANFORD/tictactoe3/X7myng;FLUXPLAYER_PROLOG;1.1;true;;30000;534297;534297
BASE/quad_7x7/q-JOXg;FLUXPLAYER_PROLOG;1.1;true;;30000;1656;414
BASE/chineseCheckers6/rREH3A;FLUXPLAYER_PROLOG;1.1;true;;30000;645540;10759
BASE/speedChess/bPnisA;FLUXPLAYER_PROLOG;1.1;true;;30000;85280;85280
DRESDEN/pawntoqueen/f_x6Aw;FLUXPLAYER_PROLOG;1.1;true;;30000;2598;2598
BASE/breakthroughSmallHoles/bxclRw;FLUXPLAYER_PROLOG;1.1;true;;30000;156863;156863
BASE/maze/cCX3qQ;FLUXPLAYER_PROLOG;1.1;true;;30000;1313475;149599
BASE/brain_teaser_extended/ZDp94A;FLUXPLAYER_PROLOG;1.1;true;;30000;247800;16520
BASE/catcha_mouse/cHv4dw;FLUXPLAYER_PROLOG;1.1;true;;30000;148804;148804
BASE/snakeParallel/RCVNtw;FLUXPLAYER_PROLOG;1.1;true;;30000;564727;122300
DRESDEN/blobwars/ZaMluQ;FLUXPLAYER_PROLOG;1.1;true;;30040;0;0
BASE/2pttc/unkkYA;FLUXPLAYER_PROLOG;1.1;true;;30010;604320;20144
BASE/snake_2009/7l-qAQ;FLUXPLAYER_PROLOG;1.1;true;;30000;35916;2242
DRESDEN/lightsout/XgLpzQ;FLUXPLAYER_PROLOG;1.1;true;;30010;110600;5530
DRESDEN/tictactoelargesuicide/6J4DeA;FLUXPLAYER_PROLOG;1.1;true;;30000;569218;569218
STANFORD/rainbow/_4qNSQ;FLUXPLAYER_PROLOG;1.1;true;;30000;1412106;235351
BASE/circlesolitaire/azuQFQ;FLUXPLAYER_PROLOG;1.1;true;;30000;609681;59251
BASE/laikLee_hex/zbyscQ;FLUXPLAYER_PROLOG;1.1;true;;30000;242632;242632
BASE/sudokuGrade1/tDRNRw;FLUXPLAYER_PROLOG;1.1;true;;30000;1732;48
DRESDEN/breakthrough/z4hK7Q;FLUXPLAYER_PROLOG;1.1;true;;30000;139;139
BASE/ticTacHeaven/18n58A;FLUXPLAYER_PROLOG;1.1;true;;30000;140931;140931
BASE/ttcc4_2player_alt/ZEJvYA;FLUXPLAYER_PROLOG;1.1;true;;30000;34;34
BASE/crossers3/O0rORg;FLUXPLAYER_PROLOG;1.1;true;;30000;43341;1477
BASE/qyshinsu/R08Lzw;FLUXPLAYER_PROLOG;1.1;true;;30000;5145;105
BASE/cephalopodMicro/9l2D3g;FLUXPLAYER_PROLOG;1.1;true;;30000;4399;4399
BASE/duplicateStateMedium/U163eQ;FLUXPLAYER_PROLOG;1.1;true;;30000;261666;29074
DRESDEN/toetictac/mJtxCA;FLUXPLAYER_PROLOG;1.1;true;;30000;541064;541064
BASE/factoringImpossibleTurtleBrain/kcBhdw;FLUXPLAYER_PROLOG;1.1;true;;30000;1092;13
BASE/knightsTour/mvtVIg;FLUXPLAYER_PROLOG;1.1;true;;30000;1173434;241604
BASE/mineClearingSmall/frsbvw;FLUXPLAYER_PROLOG;1.1;true;;30000;30893;2701
DRESDEN/gt_prisoner/huCp4w;FLUXPLAYER_PROLOG;1.1;true;;30000;62480;3124
BASE/blocks2player/wnTLOQ;FLUXPLAYER_PROLOG;1.1;false;Test process failed to output results for unknown reason;0;0;0
DRESDEN/tpeg/h-Scbg;FLUXPLAYER_PROLOG;1.1;true;;30000;115960;9560
DRESDEN/kalaha_2009/gcC8uA;FLUXPLAYER_PROLOG;1.1;true;;30000;19785;6595
DRESDEN/doubletoetictac/V89gKQ;FLUXPLAYER_PROLOG;1.1;true;;30000;96128;96128
DRESDEN/crisscross/GsY16g;FLUXPLAYER_PROLOG;1.1;true;;30000;0;0
BASE/pawnToQueen/-O1_JA;FLUXPLAYER_PROLOG;1.1;true;;30000;2534;2534
BASE/shmup/ssTNlg;FLUXPLAYER_PROLOG;1.1;true;;30000;598165;598165
BASE/buttons/hTcUjw;FLUXPLAYER_PROLOG;1.1;true;;30000;926346;154391
DRESDEN/satlike_20v_91c/yeuENQ;FLUXPLAYER_PROLOG;1.1;true;;30000;88140;4407
BASE/futoshiki4/BaCwSw;FLUXPLAYER_PROLOG;1.1;true;;30000;93037;10115
DRESDEN/cylinder-checkers/clOO3Q;FLUXPLAYER_PROLOG;1.1;true;;30000;758;379
DRESDEN/tictactoe_3d_6player/ulZPWg;FLUXPLAYER_PROLOG;1.1;true;;30000;4196;4196
DRESDEN/laikLee_hex/ZeP3QQ;FLUXPLAYER_PROLOG;1.1;true;;30000;243076;243076
BASE/blocks/xIV5hQ;FLUXPLAYER_PROLOG;1.1;true;;30000;932475;310825
DRESDEN/tictactoe/BTTzPw;FLUXPLAYER_PROLOG;1.1;true;;30000;494359;494359
BASE/escortLatch/mX9BjQ;FLUXPLAYER_PROLOG;1.1;true;;30000;119800;119800
DRESDEN/cubicup_3player/awDtsQ;FLUXPLAYER_PROLOG;1.1;true;;30000;79805;79805
DRESDEN/crossers3/xiPTxg;FLUXPLAYER_PROLOG;1.1;true;;30000;43270;1475
DRESDEN/mummymaze2p-comp2007/oTQRQg;FLUXPLAYER_PROLOG;1.1;true;;30000;65883;18810
DRESDEN/grid_game/U7_Yeg;FLUXPLAYER_PROLOG;1.1;true;;30000;44946;7491
BASE/kalaha5x2x3/WviNsw;FLUXPLAYER_PROLOG;1.1;true;;30000;28341;9447
DRESDEN/uf20-020.cnf.SAT.satlike/WbqXoA;FLUXPLAYER_PROLOG;1.1;true;;30000;85780;4289
DRESDEN/quad/JPe6fg;FLUXPLAYER_PROLOG;1.1;true;;30000;160;40
DRESDEN/hanoi/RQ0jiA;FLUXPLAYER_PROLOG;1.1;true;;30000;676637;21827
BASE/pentagoSuicide/SBgNhw;FLUXPLAYER_PROLOG;1.1;true;;30000;226208;226208
BASE/withConviction/3Xm54A;FLUXPLAYER_PROLOG;1.1;true;;30000;102209;102209
BASE/dotsAndBoxes/EHwA_w;FLUXPLAYER_PROLOG;1.1;true;;30000;226115;226115
DRESDEN/bidding-tictactoe_10coins/mu5VhQ;FLUXPLAYER_PROLOG;1.1;true;;30000;12201;1637
DRESDEN/nim1/M9BALA;FLUXPLAYER_PROLOG;1.1;false;Test process failed to output results for unknown reason;0;0;0
BASE/biddingTicTacToe_10coins/a-9ccQ;FLUXPLAYER_PROLOG;1.1;true;;30000;12251;1641
BASE/tictactoex9/BI26ow;FLUXPLAYER_PROLOG;1.1;true;;30000;63565;63565
BASE/quad_5x5/JAEP5g;FLUXPLAYER_PROLOG;1.1;true;;30000;164;41
BASE/amazonsTorus_10x10/Uxc08g;FLUXPLAYER_PROLOG;1.1;true;;30000;33017;33017
DRESDEN/queens/mW2wHQ;FLUXPLAYER_PROLOG;1.1;true;;30000;107530;10753
DRESDEN/uf20-020.cnf.SAT/hDrW_A;FLUXPLAYER_PROLOG;1.1;true;;30000;84700;4235
BASE/wargame03/klXI8w;FLUXPLAYER_PROLOG;1.1;true;;30000;46797;7294
BASE/ticTacToe/JRFsaQ;FLUXPLAYER_PROLOG;1.1;true;;30000;493816;493816
DRESDEN/blocks2player/3ev8nQ;FLUXPLAYER_PROLOG;1.1;false;Test process failed to output results for unknown reason;0;0;0
DRESDEN/double_tictactoe_dengji/bGaUyQ;FLUXPLAYER_PROLOG;1.1;true;;30000;100973;100973
BASE/ghostMaze2p/W-NU-w;FLUXPLAYER_PROLOG;1.1;true;;30000;71861;7986
BASE/queens/HyJJnQ;FLUXPLAYER_PROLOG;1.1;true;;30000;107030;10703
DRESDEN/knightmove/97Ipcw;FLUXPLAYER_PROLOG;1.1;true;;30000;149475;4239
DRESDEN/smallest_4player/ADDROA;FLUXPLAYER_PROLOG;1.1;true;;30000;4344;181
BASE/nim3/1OwUqw;FLUXPLAYER_PROLOG;1.1;false;Test process failed to output results for unknown reason;0;0;0
BASE/ticTacToeParallel/ymRGPw;FLUXPLAYER_PROLOG;1.1;true;;30000;101034;50517
DRESDEN/minichess-evilconjuncts/th24Tw;FLUXPLAYER_PROLOG;1.1;false;Test process failed to output results for unknown reason;0;0;0
DRESDEN/vacuumcleaner_random_big/DwzFaQ;FLUXPLAYER_PROLOG;1.1;true;;30000;31;7
BASE/checkersTorus/2vm1EQ;FLUXPLAYER_PROLOG;1.1;true;;30030;32;2
DRESDEN/nim2/z5_exA;FLUXPLAYER_PROLOG;1.1;false;Test process failed to output results for unknown reason;0;0;0
BASE/toetictac/mTThmg;FLUXPLAYER_PROLOG;1.1;true;;30000;541179;541179
DRESDEN/chinesecheckers4/-oVNYg;FLUXPLAYER_PROLOG;1.1;true;;30010;57705;19235
BASE/god/qF06gw;FLUXPLAYER_PROLOG;1.1;true;;30000;3761;185
BASE/englishDraughts/jFkQxg;FLUXPLAYER_PROLOG;1.1;true;;30000;0;0
STANFORD/selectivesukoshi/3xmXYg;FLUXPLAYER_PROLOG;1.1;true;;30000;8511;292
BASE/crissrace/ERWGDA;FLUXPLAYER_PROLOG;1.1;false;Test process failed to output results for unknown reason;0;0;0
BASE/blobwars/0XT15Q;FLUXPLAYER_PROLOG;1.1;true;;30020;0;0
DRESDEN/Travelers-Dilemma/PvZwYw;FLUXPLAYER_PROLOG;1.1;true;;30000;1268520;126852
BASE/ticTacToeLargeSuicide/727_8g;FLUXPLAYER_PROLOG;1.1;true;;30000;571868;571868
BASE/amazonsSuicide_10x10/XIbQkg;FLUXPLAYER_PROLOG;1.1;true;;30000;41564;41564
DRESDEN/tictactoe_3d_small_2player/HYttcg;FLUXPLAYER_PROLOG;1.1;true;;30000;179988;179988
DRESDEN/connect4/T0-rHQ;FLUXPLAYER_PROLOG;1.1;true;;30000;33585;33585
BASE/breakthroughSuicideSmall/XSbJog;FLUXPLAYER_PROLOG;1.1;true;;30000;661;661
BASE/blockerParallel/7-nDJA;FLUXPLAYER_PROLOG;1.1;true;;30000;10882;1670
DRESDEN/CatchMeIfYouCanTest/CX18rA;FLUXPLAYER_PROLOG;1.1;true;;30000;1214;202
DRESDEN/chinesecheckers1/Y-ftaA;FLUXPLAYER_PROLOG;1.1;true;;30010;153749;5413
BASE/connectFour/WAIKTw;FLUXPLAYER_PROLOG;1.1;true;;30000;409326;409326
BASE/checkLines/Vop7oQ;FLUXPLAYER_PROLOG;1.1;false;Test process failed to output results for unknown reason;0;0;0
BASE/slidingpieces/uFJWEw;FLUXPLAYER_PROLOG;1.1;true;;30000;32967;407
BASE/connectFourSimultaneous/7ITr3g;FLUXPLAYER_PROLOG;1.1;true;;30000;198660;198660
DRESDEN/buttons/ADUaHw;FLUXPLAYER_PROLOG;1.1;true;;30000;918264;153044
BASE/ttcc4/Le0qjQ;FLUXPLAYER_PROLOG;1.1;true;;30000;13;13
DRESDEN/statespacesmall/h-NqjA;FLUXPLAYER_PROLOG;1.1;true;;30000;1409100;352275
BASE/switches/tPUoCg;FLUXPLAYER_PROLOG;1.1;true;;30000;711740;711740
DRESDEN/connectfoursuicide/M9CNQg;FLUXPLAYER_PROLOG;1.1;true;;30000;416636;416636
DRESDEN/CephalopodMicro/H3XQfg;FLUXPLAYER_PROLOG;1.1;true;;30000;4376;4376
BASE/lightsOut/5P1ZBw;FLUXPLAYER_PROLOG;1.1;true;;30000;111580;5579
DRESDEN/endgame/IJhh3Q;FLUXPLAYER_PROLOG;1.1;false;Test process failed to output results for unknown reason;0;0;0
BASE/cubicup_3player/e2yA_g;FLUXPLAYER_PROLOG;1.1;true;;30000;79784;79784
BASE/ticTicToe/c1OobQ;FLUXPLAYER_PROLOG;1.1;true;;30010;267561;267561
BASE/four_way_battle/xSOQXA;FLUXPLAYER_PROLOG;1.1;true;;30000;25710;2571
BASE/racetrackcorridor/_RkdUg;FLUXPLAYER_PROLOG;1.1;false;Test process failed to output results for unknown reason;0;0;0
DRESDEN/sat_test_20v_91c/dK7nVw;FLUXPLAYER_PROLOG;1.1;true;;30000;50045;50045
DRESDEN/sat_test_20v_91c_visualisation/aw8BIA;FLUXPLAYER_PROLOG;1.1;true;;30000;48628;48628
STANFORD/multiplebuttonsandlights/cK70Yg;FLUXPLAYER_PROLOG;1.1;true;;30000;1191852;198642
DRESDEN/nim3/sG_axA;FLUXPLAYER_PROLOG;1.1;false;Test process failed to output results for unknown reason;0;0;0
BASE/twisty-passages/DiZmmg;FLUXPLAYER_PROLOG;1.1;true;;30000;343872;1728
BASE/pancakes/yUgbXw;FLUXPLAYER_PROLOG;1.1;true;;30000;1469973;37068
DRESDEN/hanoi7_bugfix/3gdnFw;FLUXPLAYER_PROLOG;1.1;true;;30010;571246;4498
DRESDEN/lightson2x2/gBHuig;FLUXPLAYER_PROLOG;1.1;true;;30000;507350;50735
DRESDEN/brain_teaser_extended/ZDp94A;FLUXPLAYER_PROLOG;1.1;true;;30000;249180;16612
BASE/doubletoetictac/fu35bg;FLUXPLAYER_PROLOG;1.1;true;;30000;96830;96830
DRESDEN/ggp-course2013_nicolai/uEin8g;FLUXPLAYER_PROLOG;1.1;true;;32040;0;0
DRESDEN/vacuumcleaner_obstacles_6/NVwsZw;FLUXPLAYER_PROLOG;1.1;true;;30000;38771;6442
DRESDEN/catcha_mouse/cHv4dw;FLUXPLAYER_PROLOG;1.1;true;;30000;147526;147526
BASE/checkersTorusNoKings/pwb6oQ;FLUXPLAYER_PROLOG;1.1;true;;30000;9;9
DRESDEN/Zhadu/9zpQ5w;FLUXPLAYER_PROLOG;1.1;true;;30000;541193;541193
STANFORD/madness/UO_B3A;FLUXPLAYER_PROLOG;1.1;true;;30010;242;242
DRESDEN/ggp-course2013_jordi/9QI6Kw;FLUXPLAYER_PROLOG;1.1;true;;30000;20540;20540
BASE/tron_10x10/7ZTgDg;FLUXPLAYER_PROLOG;1.1;true;;30000;228920;114460
BASE/sudoku/NTaNkw;FLUXPLAYER_PROLOG;1.1;true;;30000;2754;34
BASE/stateSpaceSmall/Q7osKA;FLUXPLAYER_PROLOG;1.1;true;;30000;1402820;350705
DRESDEN/firefighter/WJmoPw;FLUXPLAYER_PROLOG;1.1;true;;30000;507388;11500
STANFORD/knightstour/cEwgNA;FLUXPLAYER_PROLOG;1.1;true;;30000;1162224;239076
BASE/breakthrough/TGxk-g;FLUXPLAYER_PROLOG;1.1;true;;30010;143;143
BASE/knightmove/jBaJEw;FLUXPLAYER_PROLOG;1.1;true;;30000;150143;4266
DRESDEN/sum15/CsgWKg;FLUXPLAYER_PROLOG;1.1;true;;30000;432237;432237
BASE/ticblock/T21C1g;FLUXPLAYER_PROLOG;1.1;true;;30000;0;0
DRESDEN/javastrike/whONTQ;FLUXPLAYER_PROLOG;1.1;true;;30000;15622;15622
DRESDEN/tictactoe_3d_small_6player/llDEDQ;FLUXPLAYER_PROLOG;1.1;true;;30010;12102;12102
STANFORD/jointbuttonsandlights/qAKuIQ;FLUXPLAYER_PROLOG;1.1;true;;30000;800897;138911
BASE/knightwar/DVGY4Q;FLUXPLAYER_PROLOG;1.1;true;;30000;326214;326214
BASE/breakthroughSuicide/wZDpIg;FLUXPLAYER_PROLOG;1.1;true;;30010;139;139
DRESDEN/ticblock/Z2yNWQ;FLUXPLAYER_PROLOG;1.1;true;;30000;0;0
DRESDEN/stratego/Z2wovg;FLUXPLAYER_PROLOG;1.1;true;;30000;2081;71
BASE/pacman2p/4LEdQg;FLUXPLAYER_PROLOG;1.1;true;;30000;20668;10334
BASE/tictactoe_3d_2player/IUC1rQ;FLUXPLAYER_PROLOG;1.1;true;;30000;78661;78661
DRESDEN/Runners/3bOCQw;FLUXPLAYER_PROLOG;1.1;true;;30000;229772;13516
DRESDEN/twisty-passages/j7NPyg;FLUXPLAYER_PROLOG;1.1;true;;30000;340688;1712
DRESDEN/uf20-010.cnf.SAT.satlike/g7LF6g;FLUXPLAYER_PROLOG;1.1;true;;30000;87160;4358
BASE/roshambo2/KNPokQ;FLUXPLAYER_PROLOG;1.1;true;;30000;1176955;235391
BASE/breakthroughWalls/vOZaYA;FLUXPLAYER_PROLOG;1.1;true;;30020;138;138
BASE/quarto/EwBMVQ;FLUXPLAYER_PROLOG;1.1;true;;30000;56602;28301
BASE/hanoi/iGLsJg;FLUXPLAYER_PROLOG;1.1;true;;30000;677536;21856
BASE/factoringMutuallyAssuredDestruction/NH0LGg;FLUXPLAYER_PROLOG;1.1;true;;30000;445160;22258
BASE/coins/QnGtnQ;FLUXPLAYER_PROLOG;1.1;true;;30000;87292;34946
BASE/incredible/8Qh-6Q;FLUXPLAYER_PROLOG;1.1;true;;30000;288957;15209
BASE/lightsOnSimultaneous/_VN6lw;FLUXPLAYER_PROLOG;1.1;true;;30000;174667;11499
STANFORD/8puzzle/jNiGtw;FLUXPLAYER_PROLOG;1.1;true;;30000;496080;8268
DRESDEN/pawn_whopping_corrected/7Ov0jQ;FLUXPLAYER_PROLOG;1.1;true;;30000;222677;222677
DRESDEN/connectfour/5tc-Mg;FLUXPLAYER_PROLOG;1.1;true;;30000;422135;422135
DRESDEN/quarto/OQzRYQ;FLUXPLAYER_PROLOG;1.1;true;;30000;56890;28445
STANFORD/hex/MTqWcw;FLUXPLAYER_PROLOG;1.1;false;Test process failed to output results for unknown reason;0;0;0
DRESDEN/catch_me/ghGWrA;FLUXPLAYER_PROLOG;1.1;true;;30010;1184;191
BASE/tttcc4/8Bs2lg;FLUXPLAYER_PROLOG;1.1;true;;30010;13;13
DRESDEN/peg_bugfixed/u_B7MA;FLUXPLAYER_PROLOG;1.1;true;;30000;115499;4752
DRESDEN/small_dominion/yB5GJA;FLUXPLAYER_PROLOG;1.1;true;;30010;5135;1027
DRESDEN/smallest/9kaGFw;FLUXPLAYER_PROLOG;1.1;true;;30000;2064;86
BASE/copolymer_4_pie/IN5_jA;FLUXPLAYER_PROLOG;1.1;true;;30000;38;2
DRESDEN/ghostmaze2p/HY0UwA;FLUXPLAYER_PROLOG;1.1;true;;30000;72649;8061
DRESDEN/tictactoex9/rFkD4w;FLUXPLAYER_PROLOG;1.1;true;;30000;63680;63680
BASE/3pffa/pR0dzA;FLUXPLAYER_PROLOG;1.1;true;;30010;458490;15283
BASE/skirmishFinal3/-Olhfw;FLUXPLAYER_PROLOG;1.1;true;;30000;128;128
BASE/doubletictactoe/HH1htg;FLUXPLAYER_PROLOG;1.1;true;;30000;96772;96772
BASE/gt_dollar/TGjqRw;FLUXPLAYER_PROLOG;1.1;true;;30000;771045;771045
BASE/battle/8oAvhQ;FLUXPLAYER_PROLOG;1.1;true;;30000;14510;1451
DRESDEN/Goldrush/VeWczQ;FLUXPLAYER_PROLOG;1.1;true;;30000;117679;117679
DRESDEN/tictactoeparallel/yk_DSg;FLUXPLAYER_PROLOG;1.1;true;;30000;98868;49434
DRESDEN/connect5/1kYzSg;FLUXPLAYER_PROLOG;1.1;true;;30000;63978;31989
STANFORD/buttonsandlights/eyhJpA;FLUXPLAYER_PROLOG;1.1;true;;30000;1608312;268052
BASE/brawl/6Ymo_Q;FLUXPLAYER_PROLOG;1.1;false;Test process failed to output results for unknown reason;0;0;0
DRESDEN/vacuumcleaner_random/_6AGDA;FLUXPLAYER_PROLOG;1.1;false;Test process failed to output results for unknown reason;0;0;0
DRESDEN/breakthroughsuicide/Y9QzqQ;FLUXPLAYER_PROLOG;1.1;true;;30000;139;139
BASE/racer4/0vs7Ww;FLUXPLAYER_PROLOG;1.1;true;;30000;3624;3624
BASE/sudokuGrade2/u80Tfw;FLUXPLAYER_PROLOG;1.1;true;;30000;1647;44
STANFORD/knightstourmedium/x1wu8Q;FLUXPLAYER_PROLOG;1.1;true;;30000;1193125;298184
STANFORD/breakthrough/d5j0cQ;FLUXPLAYER_PROLOG;1.1;true;;30000;121822;121822
STANFORD/checkersonabarrelnokings/Zrevdw;FLUXPLAYER_PROLOG;1.1;true;;30000;11;11
DRESDEN/towerworld/HCX34w;FLUXPLAYER_PROLOG;1.1;true;;30020;61;61
STANFORD/threepuzzle/41ibjA;FLUXPLAYER_PROLOG;1.1;true;;30000;908490;151415
BASE/cubicup/4wNWJA;FLUXPLAYER_PROLOG;1.1;true;;30000;128862;128862
DRESDEN/checkers-suicide-cylinder-mustjump/L2BYWg;FLUXPLAYER_PROLOG;1.1;true;;30000;274;137
BASE/solitaireChineseCheckers/-ET6gw;FLUXPLAYER_PROLOG;1.1;true;;30000;231552;4288
BASE/checkers-suicide-cylinder-mustjump/YeW5Tw;FLUXPLAYER_PROLOG;1.1;true;;30000;272;136
STANFORD/ttcc4/Cx9SGw;FLUXPLAYER_PROLOG;1.1;true;;30010;34;34
BASE/ticTacToeSerial/Amrwqw;FLUXPLAYER_PROLOG;1.1;true;;30000;41488;20744
BASE/chinook/XQh0IQ;FLUXPLAYER_PROLOG;1.1;false;Test process failed to output results for unknown reason;0;0;0
BASE/troublemaker01/s3tlEQ;FLUXPLAYER_PROLOG;1.1;true;;30000;1696224;565600
BASE/snake2p/I3wWPQ;FLUXPLAYER_PROLOG;1.1;true;;30000;363721;363721
DRESDEN/slidingpieces/s9_44g;FLUXPLAYER_PROLOG;1.1;true;;30000;32400;400
BASE/tictactoe_3d_small_2player/oOryKA;FLUXPLAYER_PROLOG;1.1;true;;30000;180334;180334
BASE/skirmishZeroSum/zh4hcw;FLUXPLAYER_PROLOG;1.1;true;;30000;111312;55656
BASE/amazons/RKKZjw;FLUXPLAYER_PROLOG;1.1;true;;30000;243;243
DRESDEN/bidding-tictactoe/yW5vTA;FLUXPLAYER_PROLOG;1.1;true;;30000;65244;9379
DRESDEN/3qbf-5cnf-20var-40cl.2.qdimacs.satlike/724YWg;FLUXPLAYER_PROLOG;1.1;true;;30000;84719;84719
DRESDEN/aipsrovers01/qS47Mw;FLUXPLAYER_PROLOG;1.1;true;;30000;218972;7565
BASE/onestep/xi53wA;FLUXPLAYER_PROLOG;1.1;true;;30000;2243469;2243469
BASE/choicethroughalt/tt71Lg;FLUXPLAYER_PROLOG;1.1;true;;30000;417647;417647
BASE/point_grab/V_osUg;FLUXPLAYER_PROLOG;1.1;true;;30000;891700;44585
BASE/snakeAssemblit/UO4sdg;FLUXPLAYER_PROLOG;1.1;true;;30000;55634;31801
BASE/slaughter/cOch8A;FLUXPLAYER_PROLOG;1.1;true;;30000;0;0
BASE/blocksWorldParallel/RseaAQ;FLUXPLAYER_PROLOG;1.1;true;;30000;55737;18579
BASE/mummymaze1p/PT_EXA;FLUXPLAYER_PROLOG;1.1;true;;30000;150302;26739
STANFORD/chinook/osFbPA;FLUXPLAYER_PROLOG;1.1;false;Test process failed to output results for unknown reason;0;0;0
BASE/futoshiki5/TJ4BZg;FLUXPLAYER_PROLOG;1.1;true;;30000;30430;2212
DRESDEN/snake_2009/zIYLVw;FLUXPLAYER_PROLOG;1.1;true;;30000;35676;2208
DRESDEN/logistics/fPru1Q;FLUXPLAYER_PROLOG;1.1;true;;30000;11350;227
STANFORD/platformjumpers/HEQskA;FLUXPLAYER_PROLOG;1.1;true;;30000;164061;164061
BASE/chomp/-LcqYQ;FLUXPLAYER_PROLOG;1.1;true;;30000;22926;22926
BASE/haystack/UkweGA;FLUXPLAYER_PROLOG;1.1;true;;30000;1586437;528349
DRESDEN/hanoi_6_disks/MeubgQ;FLUXPLAYER_PROLOG;1.1;true;;30000;564170;158574
