BASE/blockerSerial;PALAMEDES_GAME_SIMULATOR_USEOPT_FALSE;0.6.1;PROVER;2015-04-26;1000;false;
DRESDEN/fizzbuzz;PALAMEDES_GAME_SIMULATOR_USEOPT_FALSE;0.6.1;PROVER;2015-04-26;1000;false;
BASE/chinook;PALAMEDES_GAME_SIMULATOR_USEOPT_FALSE;0.6.1;PROVER;2015-04-26;1000;false;
BASE/gt_attrition;PALAMEDES_GAME_SIMULATOR_USEOPT_FALSE;0.6.1;PROVER;2015-04-26;0;true;java.lang.RuntimeException: java.lang.InterruptedException
BASE/skirmishNew;PALAMEDES_GAME_SIMULATOR_USEOPT_FALSE;0.6.1;PROVER;2015-04-26;1000;false;
DRESDEN/4pttc;PALAMEDES_GAME_SIMULATOR_USEOPT_FALSE;0.6.1;PROVER;2015-04-26;1000;false;
BASE/checkers-suicide-cylinder-mustjump;PALAMEDES_GAME_SIMULATOR_USEOPT_FALSE;0.6.1;PROVER;2015-04-26;0;true;java.lang.RuntimeException: java.lang.InterruptedException
BASE/pentagoSuicide;PALAMEDES_GAME_SIMULATOR_USEOPT_FALSE;0.6.1;PROVER;2015-04-26;1000;false;
BASE/endgame;PALAMEDES_GAME_SIMULATOR_USEOPT_FALSE;0.6.1;PROVER;2015-04-26;1000;false;
BASE/sudokuGrade3;PALAMEDES_GAME_SIMULATOR_USEOPT_FALSE;0.6.1;PROVER;2015-04-26;0;true;java.lang.RuntimeException: java.lang.IllegalStateException: Expected a LegalMovesMessage, but was a 
DRESDEN/skirmish3;PALAMEDES_GAME_SIMULATOR_USEOPT_FALSE;0.6.1;PROVER;2015-04-26;1000;false;
BASE/breakthroughSuicide;PALAMEDES_GAME_SIMULATOR_USEOPT_FALSE;0.6.1;PROVER;2015-04-26;1000;false;
STANFORD/tictactoe5;PALAMEDES_GAME_SIMULATOR_USEOPT_FALSE;0.6.1;PROVER;2015-04-26;1000;false;
DRESDEN/catch_me;PALAMEDES_GAME_SIMULATOR_USEOPT_FALSE;0.6.1;PROVER;2015-04-26;1000;false;
BASE/escortLatch;PALAMEDES_GAME_SIMULATOR_USEOPT_FALSE;0.6.1;PROVER;2015-04-26;1000;false;
BASE/3pffa;PALAMEDES_GAME_SIMULATOR_USEOPT_FALSE;0.6.1;PROVER;2015-04-26;1000;false;
DRESDEN/uf20-010.cnf.SAT.satlike;PALAMEDES_GAME_SIMULATOR_USEOPT_FALSE;0.6.1;PROVER;2015-04-26;0;true;java.lang.RuntimeException: java.lang.InterruptedException
DRESDEN/towerworld;PALAMEDES_GAME_SIMULATOR_USEOPT_FALSE;0.6.1;PROVER;2015-04-26;0;true;java.lang.RuntimeException: java.lang.InterruptedException
DRESDEN/Runners;PALAMEDES_GAME_SIMULATOR_USEOPT_FALSE;0.6.1;PROVER;2015-04-26;1000;false;
STANFORD/hunter;PALAMEDES_GAME_SIMULATOR_USEOPT_FALSE;0.6.1;PROVER;2015-04-26;1000;false;
BASE/sudokuGrade5;PALAMEDES_GAME_SIMULATOR_USEOPT_FALSE;0.6.1;PROVER;2015-04-26;0;true;java.lang.RuntimeException: java.lang.InterruptedException
STANFORD/knightstourmedium;PALAMEDES_GAME_SIMULATOR_USEOPT_FALSE;0.6.1;PROVER;2015-04-26;1000;false;
DRESDEN/javastrike;PALAMEDES_GAME_SIMULATOR_USEOPT_FALSE;0.6.1;PROVER;2015-04-26;1000;false;
BASE/eotcitcit;PALAMEDES_GAME_SIMULATOR_USEOPT_FALSE;0.6.1;PROVER;2015-04-26;1000;false;
BASE/sudokuGrade4;PALAMEDES_GAME_SIMULATOR_USEOPT_FALSE;0.6.1;PROVER;2015-04-26;0;true;java.lang.RuntimeException: java.lang.InterruptedException
DRESDEN/racer4;PALAMEDES_GAME_SIMULATOR_USEOPT_FALSE;0.6.1;PROVER;2015-04-26;0;true;java.lang.RuntimeException: java.lang.InterruptedException
BASE/troublemaker01;PALAMEDES_GAME_SIMULATOR_USEOPT_FALSE;0.6.1;PROVER;2015-04-26;1000;false;
DRESDEN/skirmish2;PALAMEDES_GAME_SIMULATOR_USEOPT_FALSE;0.6.1;PROVER;2015-04-26;1000;false;
DRESDEN/uf20-020.cnf.SAT.satlike;PALAMEDES_GAME_SIMULATOR_USEOPT_FALSE;0.6.1;PROVER;2015-04-26;0;true;java.lang.RuntimeException: java.lang.InterruptedException
BASE/nineBoardTicTacToe;PALAMEDES_GAME_SIMULATOR_USEOPT_FALSE;0.6.1;PROVER;2015-04-26;1000;false;
STANFORD/tictactoe3;PALAMEDES_GAME_SIMULATOR_USEOPT_FALSE;0.6.1;PROVER;2015-04-26;1000;false;
BASE/connect5;PALAMEDES_GAME_SIMULATOR_USEOPT_FALSE;0.6.1;PROVER;2015-04-26;1000;false;
BASE/biddingTicTacToe;PALAMEDES_GAME_SIMULATOR_USEOPT_FALSE;0.6.1;PROVER;2015-04-26;1000;false;
BASE/snake_2008_tweaked;PALAMEDES_GAME_SIMULATOR_USEOPT_FALSE;0.6.1;PROVER;2015-04-26;1000;false;
BASE/gt_dollar;PALAMEDES_GAME_SIMULATOR_USEOPT_FALSE;0.6.1;PROVER;2015-04-26;1000;false;
BASE/tictactoex9;PALAMEDES_GAME_SIMULATOR_USEOPT_FALSE;0.6.1;PROVER;2015-04-26;1000;false;
BASE/chickentoetictac;PALAMEDES_GAME_SIMULATOR_USEOPT_FALSE;0.6.1;PROVER;2015-04-26;1000;false;
BASE/sudokuGrade1;PALAMEDES_GAME_SIMULATOR_USEOPT_FALSE;0.6.1;PROVER;2015-04-26;0;true;java.lang.RuntimeException: java.lang.InterruptedException
BASE/skirmish;PALAMEDES_GAME_SIMULATOR_USEOPT_FALSE;0.6.1;PROVER;2015-04-26;1000;false;
DRESDEN/8puzzle;PALAMEDES_GAME_SIMULATOR_USEOPT_FALSE;0.6.1;PROVER;2015-04-26;1000;false;
STANFORD/multiplesukoshi;PALAMEDES_GAME_SIMULATOR_USEOPT_FALSE;0.6.1;PROVER;2015-04-26;1000;false;
BASE/knightmove;PALAMEDES_GAME_SIMULATOR_USEOPT_FALSE;0.6.1;PROVER;2015-04-26;1000;false;
BASE/connectFourSimultaneous;PALAMEDES_GAME_SIMULATOR_USEOPT_FALSE;0.6.1;PROVER;2015-04-26;1000;false;
BASE/amazonsTorus_10x10;PALAMEDES_GAME_SIMULATOR_USEOPT_FALSE;0.6.1;PROVER;2015-04-26;1000;false;
STANFORD/ttcc4;PALAMEDES_GAME_SIMULATOR_USEOPT_FALSE;0.6.1;PROVER;2015-04-26;1000;false;
BASE/gt_chicken;PALAMEDES_GAME_SIMULATOR_USEOPT_FALSE;0.6.1;PROVER;2015-04-26;1000;false;
BASE/connect4;PALAMEDES_GAME_SIMULATOR_USEOPT_FALSE;0.6.1;PROVER;2015-04-26;1000;false;
DRESDEN/amazons;PALAMEDES_GAME_SIMULATOR_USEOPT_FALSE;0.6.1;PROVER;2015-04-26;0;true;java.lang.RuntimeException: java.lang.InterruptedException
BASE/brain_teaser_extended;PALAMEDES_GAME_SIMULATOR_USEOPT_FALSE;0.6.1;PROVER;2015-04-26;1000;false;
BASE/gt_staghunt;PALAMEDES_GAME_SIMULATOR_USEOPT_FALSE;0.6.1;PROVER;2015-04-26;1000;false;
BASE/checkLines;PALAMEDES_GAME_SIMULATOR_USEOPT_FALSE;0.6.1;PROVER;2015-04-26;1000;false;
DRESDEN/knightfight;PALAMEDES_GAME_SIMULATOR_USEOPT_FALSE;0.6.1;PROVER;2015-04-26;1000;false;
STANFORD/dualhunter;PALAMEDES_GAME_SIMULATOR_USEOPT_FALSE;0.6.1;PROVER;2015-04-26;1000;false;
DRESDEN/statespacesmall;PALAMEDES_GAME_SIMULATOR_USEOPT_FALSE;0.6.1;PROVER;2015-04-26;1000;false;
BASE/sudokuGrade2;PALAMEDES_GAME_SIMULATOR_USEOPT_FALSE;0.6.1;PROVER;2015-04-26;0;true;java.lang.RuntimeException: java.lang.InterruptedException
BASE/racetrackcorridor;PALAMEDES_GAME_SIMULATOR_USEOPT_FALSE;0.6.1;PROVER;2015-04-26;1000;false;
BASE/god;PALAMEDES_GAME_SIMULATOR_USEOPT_FALSE;0.6.1;PROVER;2015-04-26;0;true;java.lang.RuntimeException: java.lang.InterruptedException
DRESDEN/capture_the_king;PALAMEDES_GAME_SIMULATOR_USEOPT_FALSE;0.6.1;PROVER;2015-04-26;1000;false;
DRESDEN/hanoi;PALAMEDES_GAME_SIMULATOR_USEOPT_FALSE;0.6.1;PROVER;2015-04-26;1000;false;
DRESDEN/pancakes88;PALAMEDES_GAME_SIMULATOR_USEOPT_FALSE;0.6.1;PROVER;2015-04-26;1000;false;
BASE/othelloSuicide;PALAMEDES_GAME_SIMULATOR_USEOPT_FALSE;0.6.1;PROVER;2015-04-26;0;true;java.lang.RuntimeException: java.lang.InterruptedException
BASE/onestep;PALAMEDES_GAME_SIMULATOR_USEOPT_FALSE;0.6.1;PROVER;2015-04-26;1000;false;
STANFORD/selectivesukoshi;PALAMEDES_GAME_SIMULATOR_USEOPT_FALSE;0.6.1;PROVER;2015-04-26;1000;false;
DRESDEN/vacuumcleaner_obstacles_2;PALAMEDES_GAME_SIMULATOR_USEOPT_FALSE;0.6.1;PROVER;2015-04-26;1000;false;
BASE/checkers-mustjump-torus;PALAMEDES_GAME_SIMULATOR_USEOPT_FALSE;0.6.1;PROVER;2015-04-26;0;true;java.lang.RuntimeException: java.lang.InterruptedException
BASE/ttcc4_2player_small;PALAMEDES_GAME_SIMULATOR_USEOPT_FALSE;0.6.1;PROVER;2015-04-26;1000;false;
BASE/aipsrovers01;PALAMEDES_GAME_SIMULATOR_USEOPT_FALSE;0.6.1;PROVER;2015-04-26;1000;false;
DRESDEN/vacuumcleaner_random;PALAMEDES_GAME_SIMULATOR_USEOPT_FALSE;0.6.1;PROVER;2015-04-26;1000;false;
STANFORD/untwistycomplex;PALAMEDES_GAME_SIMULATOR_USEOPT_FALSE;0.6.1;PROVER;2015-04-26;1000;false;
STANFORD/breakthrough;PALAMEDES_GAME_SIMULATOR_USEOPT_FALSE;0.6.1;PROVER;2015-04-26;1000;false;
BASE/buttons;PALAMEDES_GAME_SIMULATOR_USEOPT_FALSE;0.6.1;PROVER;2015-04-26;1000;false;
DRESDEN/kitten_escapes_from_fire;PALAMEDES_GAME_SIMULATOR_USEOPT_FALSE;0.6.1;PROVER;2015-04-26;1000;false;
DRESDEN/babel;PALAMEDES_GAME_SIMULATOR_USEOPT_FALSE;0.6.1;PROVER;2015-04-26;1000;false;
DRESDEN/brain_teaser_extended;PALAMEDES_GAME_SIMULATOR_USEOPT_FALSE;0.6.1;PROVER;2015-04-26;1000;false;
STANFORD/pentago;PALAMEDES_GAME_SIMULATOR_USEOPT_FALSE;0.6.1;PROVER;2015-04-26;1000;false;
BASE/ad_game_2x2;PALAMEDES_GAME_SIMULATOR_USEOPT_FALSE;0.6.1;PROVER;2015-04-26;0;true;java.lang.RuntimeException: java.lang.InterruptedException
BASE/gt_two_thirds_2p;PALAMEDES_GAME_SIMULATOR_USEOPT_FALSE;0.6.1;PROVER;2015-04-26;1000;false;
DRESDEN/pawntoqueen;PALAMEDES_GAME_SIMULATOR_USEOPT_FALSE;0.6.1;PROVER;2015-04-26;0;true;java.lang.RuntimeException: java.lang.InterruptedException
DRESDEN/sat_test_20v_91c;PALAMEDES_GAME_SIMULATOR_USEOPT_FALSE;0.6.1;PROVER;2015-04-26;1000;false;
BASE/colonelBlotto;PALAMEDES_GAME_SIMULATOR_USEOPT_FALSE;0.6.1;PROVER;2015-04-26;0;true;java.lang.RuntimeException: java.lang.InterruptedException
DRESDEN/tictactoeparallel;PALAMEDES_GAME_SIMULATOR_USEOPT_FALSE;0.6.1;PROVER;2015-04-26;1000;false;
BASE/tictactoe_3d_small_2player;PALAMEDES_GAME_SIMULATOR_USEOPT_FALSE;0.6.1;PROVER;2015-04-26;1000;false;
DRESDEN/chinesecheckers6;PALAMEDES_GAME_SIMULATOR_USEOPT_FALSE;0.6.1;PROVER;2015-04-26;1000;false;
DRESDEN/vacuumcleaner_obstacles_1;PALAMEDES_GAME_SIMULATOR_USEOPT_FALSE;0.6.1;PROVER;2015-04-26;1000;false;
DRESDEN/knightmove;PALAMEDES_GAME_SIMULATOR_USEOPT_FALSE;0.6.1;PROVER;2015-04-26;1000;false;
DRESDEN/bidding-tictactoe;PALAMEDES_GAME_SIMULATOR_USEOPT_FALSE;0.6.1;PROVER;2015-04-26;1000;false;
BASE/ticTacHeaven;PALAMEDES_GAME_SIMULATOR_USEOPT_FALSE;0.6.1;PROVER;2015-04-26;1000;false;
DRESDEN/statespacelarge;PALAMEDES_GAME_SIMULATOR_USEOPT_FALSE;0.6.1;PROVER;2015-04-26;1000;false;
DRESDEN/merrills;PALAMEDES_GAME_SIMULATOR_USEOPT_FALSE;0.6.1;PROVER;2015-04-26;0;true;java.lang.RuntimeException: java.lang.InterruptedException
BASE/knightThrough;PALAMEDES_GAME_SIMULATOR_USEOPT_FALSE;0.6.1;PROVER;2015-04-26;1000;false;
DRESDEN/blocksworldparallel;PALAMEDES_GAME_SIMULATOR_USEOPT_FALSE;0.6.1;PROVER;2015-04-26;1000;false;
DRESDEN/mummymaze2p-comp2007;PALAMEDES_GAME_SIMULATOR_USEOPT_FALSE;0.6.1;PROVER;2015-04-26;1000;false;
BASE/blocksWorldSerial;PALAMEDES_GAME_SIMULATOR_USEOPT_FALSE;0.6.1;PROVER;2015-04-26;1000;false;
DRESDEN/quad_5x5_8_2;PALAMEDES_GAME_SIMULATOR_USEOPT_FALSE;0.6.1;PROVER;2015-04-26;0;true;java.lang.RuntimeException: java.lang.InterruptedException
BASE/ticTicToe;PALAMEDES_GAME_SIMULATOR_USEOPT_FALSE;0.6.1;PROVER;2015-04-26;1000;false;
DRESDEN/blocks;PALAMEDES_GAME_SIMULATOR_USEOPT_FALSE;0.6.1;PROVER;2015-04-26;1000;false;
BASE/checkersTorusNoKings;PALAMEDES_GAME_SIMULATOR_USEOPT_FALSE;0.6.1;PROVER;2015-04-26;1000;false;
DRESDEN/pawn_whopping_corrected;PALAMEDES_GAME_SIMULATOR_USEOPT_FALSE;0.6.1;PROVER;2015-04-26;1000;false;
DRESDEN/oisters_farm;PALAMEDES_GAME_SIMULATOR_USEOPT_FALSE;0.6.1;PROVER;2015-04-26;1000;false;
DRESDEN/racer;PALAMEDES_GAME_SIMULATOR_USEOPT_FALSE;0.6.1;PROVER;2015-04-26;0;true;java.lang.RuntimeException: java.lang.InterruptedException
DRESDEN/chinesecheckers3;PALAMEDES_GAME_SIMULATOR_USEOPT_FALSE;0.6.1;PROVER;2015-04-26;1000;false;
BASE/crossers3;PALAMEDES_GAME_SIMULATOR_USEOPT_FALSE;0.6.1;PROVER;2015-04-26;1000;false;
STANFORD/bestbuttonsandlightsbig;PALAMEDES_GAME_SIMULATOR_USEOPT_FALSE;0.6.1;PROVER;2015-04-26;1000;false;
BASE/hanoi7_bugfix;PALAMEDES_GAME_SIMULATOR_USEOPT_FALSE;0.6.1;PROVER;2015-04-26;1000;false;
BASE/snake2p;PALAMEDES_GAME_SIMULATOR_USEOPT_FALSE;0.6.1;PROVER;2015-04-26;1000;false;
BASE/mummyMaze2p_2007;PALAMEDES_GAME_SIMULATOR_USEOPT_FALSE;0.6.1;PROVER;2015-04-26;1000;false;
DRESDEN/ghostmaze2p;PALAMEDES_GAME_SIMULATOR_USEOPT_FALSE;0.6.1;PROVER;2015-04-26;1000;false;
DRESDEN/toetictac;PALAMEDES_GAME_SIMULATOR_USEOPT_FALSE;0.6.1;PROVER;2015-04-26;1000;false;
DRESDEN/connect5;PALAMEDES_GAME_SIMULATOR_USEOPT_FALSE;0.6.1;PROVER;2015-04-26;1000;false;
BASE/roshambo2;PALAMEDES_GAME_SIMULATOR_USEOPT_FALSE;0.6.1;PROVER;2015-04-26;1000;false;
BASE/gt_tinfoil;PALAMEDES_GAME_SIMULATOR_USEOPT_FALSE;0.6.1;PROVER;2015-04-26;1000;false;
BASE/colonelBlottoVariant2;PALAMEDES_GAME_SIMULATOR_USEOPT_FALSE;0.6.1;PROVER;2015-04-26;0;true;java.lang.RuntimeException: java.lang.InterruptedException
DRESDEN/catcha_mouse;PALAMEDES_GAME_SIMULATOR_USEOPT_FALSE;0.6.1;PROVER;2015-04-26;1000;false;
BASE/ticTacToeSerial;PALAMEDES_GAME_SIMULATOR_USEOPT_FALSE;0.6.1;PROVER;2015-04-26;1000;false;
BASE/qyshinsu;PALAMEDES_GAME_SIMULATOR_USEOPT_FALSE;0.6.1;PROVER;2015-04-26;1000;false;
DRESDEN/backgammon;PALAMEDES_GAME_SIMULATOR_USEOPT_FALSE;0.6.1;PROVER;2015-04-26;1000;false;
BASE/tictactoe_orthogonal;PALAMEDES_GAME_SIMULATOR_USEOPT_FALSE;0.6.1;PROVER;2015-04-26;1000;false;
DRESDEN/chinesecheckers4;PALAMEDES_GAME_SIMULATOR_USEOPT_FALSE;0.6.1;PROVER;2015-04-26;1000;false;
DRESDEN/othello-cornercontrol;PALAMEDES_GAME_SIMULATOR_USEOPT_FALSE;0.6.1;PROVER;2015-04-26;1;true;Legal move mismatch for role black    Reference engine value: [( place c6 c5 ), ( place c4 c3 ), ( place c3 c4 ), ( place c3 c6 ), ( place c5 c6 ), ( place c4 c7 )]    Tested engine value:    [( place c3 c4 ), ( place c3 c6 ), ( place c5 c6 )]    Move history: [[noop, ( place c4 c6 )]]
BASE/coloredtrails;PALAMEDES_GAME_SIMULATOR_USEOPT_FALSE;0.6.1;PROVER;2015-04-26;1000;false;
BASE/chomp;PALAMEDES_GAME_SIMULATOR_USEOPT_FALSE;0.6.1;PROVER;2015-04-26;1000;false;
STANFORD/sukoshi;PALAMEDES_GAME_SIMULATOR_USEOPT_FALSE;0.6.1;PROVER;2015-04-26;1000;false;
DRESDEN/quarto;PALAMEDES_GAME_SIMULATOR_USEOPT_FALSE;0.6.1;PROVER;2015-04-26;1000;false;
DRESDEN/battlesnakes1509;PALAMEDES_GAME_SIMULATOR_USEOPT_FALSE;0.6.1;PROVER;2015-04-26;1000;false;
DRESDEN/connect4;PALAMEDES_GAME_SIMULATOR_USEOPT_FALSE;0.6.1;PROVER;2015-04-26;1000;false;
DRESDEN/checkers;PALAMEDES_GAME_SIMULATOR_USEOPT_FALSE;0.6.1;PROVER;2015-04-26;1000;false;
DRESDEN/farmers;PALAMEDES_GAME_SIMULATOR_USEOPT_FALSE;0.6.1;PROVER;2015-04-26;45;true;Legal move mismatch for role charlie    Reference engine value: [( sell cloth ), ( sell flour ), ( sell cotton ), noop, ( manufacture cloth )]    Tested engine value:    [( sell flour ), noop]    Move history: [[( buy cotton ), ( buy cotton ), noop], [( build farm ), ( sell cotton ), ( buy wheat )], [noop, ( buy cloth ), ( build factory )], [noop, ( buy cotton ), noop], [( sell cotton ), noop, ( manufacture flour )]]
BASE/eightPuzzle;PALAMEDES_GAME_SIMULATOR_USEOPT_FALSE;0.6.1;PROVER;2015-04-26;1000;false;
DRESDEN/crisscross;PALAMEDES_GAME_SIMULATOR_USEOPT_FALSE;0.6.1;PROVER;2015-04-26;1000;false;
BASE/twisty-passages;PALAMEDES_GAME_SIMULATOR_USEOPT_FALSE;0.6.1;PROVER;2015-04-26;1000;false;
DRESDEN/tictactoelargesuicide;PALAMEDES_GAME_SIMULATOR_USEOPT_FALSE;0.6.1;PROVER;2015-04-26;1000;false;
STANFORD/nineboardtictactoe;PALAMEDES_GAME_SIMULATOR_USEOPT_FALSE;0.6.1;PROVER;2015-04-26;1000;false;
STANFORD/checkersonabarrelnokings;PALAMEDES_GAME_SIMULATOR_USEOPT_FALSE;0.6.1;PROVER;2015-04-26;1000;false;
DRESDEN/checkers-mustjump;PALAMEDES_GAME_SIMULATOR_USEOPT_FALSE;0.6.1;PROVER;2015-04-26;0;true;java.lang.RuntimeException: java.lang.InterruptedException
DRESDEN/doubletictactoe;PALAMEDES_GAME_SIMULATOR_USEOPT_FALSE;0.6.1;PROVER;2015-04-26;1000;false;
BASE/checkersSmall;PALAMEDES_GAME_SIMULATOR_USEOPT_FALSE;0.6.1;PROVER;2015-04-26;1000;false;
DRESDEN/3qbf-5cnf-20var-40cl.0.qdimacs;PALAMEDES_GAME_SIMULATOR_USEOPT_FALSE;0.6.1;PROVER;2015-04-26;1000;false;
BASE/4pffa;PALAMEDES_GAME_SIMULATOR_USEOPT_FALSE;0.6.1;PROVER;2015-04-26;1000;false;
DRESDEN/chinesecheckers1;PALAMEDES_GAME_SIMULATOR_USEOPT_FALSE;0.6.1;PROVER;2015-04-26;1000;false;
DRESDEN/vacuumcleaner_obstacles_6;PALAMEDES_GAME_SIMULATOR_USEOPT_FALSE;0.6.1;PROVER;2015-04-26;1000;false;
BASE/checkers-cylinder-mustjump;PALAMEDES_GAME_SIMULATOR_USEOPT_FALSE;0.6.1;PROVER;2015-04-26;0;true;java.lang.RuntimeException: java.lang.InterruptedException
BASE/four_way_battle;PALAMEDES_GAME_SIMULATOR_USEOPT_FALSE;0.6.1;PROVER;2015-04-26;1000;false;
BASE/strangeSkirmish;PALAMEDES_GAME_SIMULATOR_USEOPT_FALSE;0.6.1;PROVER;2015-04-26;0;true;java.lang.RuntimeException: java.lang.InterruptedException
DRESDEN/peg_bugfixed;PALAMEDES_GAME_SIMULATOR_USEOPT_FALSE;0.6.1;PROVER;2015-04-26;1000;false;
DRESDEN/kalaha_2009;PALAMEDES_GAME_SIMULATOR_USEOPT_FALSE;0.6.1;PROVER;2015-04-26;1000;false;
BASE/pearls;PALAMEDES_GAME_SIMULATOR_USEOPT_FALSE;0.6.1;PROVER;2015-04-26;1000;false;
DRESDEN/tictactoe_3d_6player;PALAMEDES_GAME_SIMULATOR_USEOPT_FALSE;0.6.1;PROVER;2015-04-26;1000;false;
BASE/ticTacToe;PALAMEDES_GAME_SIMULATOR_USEOPT_FALSE;0.6.1;PROVER;2015-04-26;1000;false;
BASE/amazons_8x8;PALAMEDES_GAME_SIMULATOR_USEOPT_FALSE;0.6.1;PROVER;2015-04-26;1000;false;
BASE/ticTacToeLarge;PALAMEDES_GAME_SIMULATOR_USEOPT_FALSE;0.6.1;PROVER;2015-04-26;1000;false;
DRESDEN/checkers-suicide-cylinder-mustjump;PALAMEDES_GAME_SIMULATOR_USEOPT_FALSE;0.6.1;PROVER;2015-04-26;0;true;java.lang.RuntimeException: java.lang.InterruptedException
DRESDEN/endgame;PALAMEDES_GAME_SIMULATOR_USEOPT_FALSE;0.6.1;PROVER;2015-04-26;1000;false;
BASE/gt_two_thirds_4p;PALAMEDES_GAME_SIMULATOR_USEOPT_FALSE;0.6.1;PROVER;2015-04-26;1000;false;
DRESDEN/tictactoe_orthogonal;PALAMEDES_GAME_SIMULATOR_USEOPT_FALSE;0.6.1;PROVER;2015-04-26;1000;false;
BASE/doubletoetictac;PALAMEDES_GAME_SIMULATOR_USEOPT_FALSE;0.6.1;PROVER;2015-04-26;1000;false;
DRESDEN/hanoi_6_disks;PALAMEDES_GAME_SIMULATOR_USEOPT_FALSE;0.6.1;PROVER;2015-04-26;1000;false;
DRESDEN/quad;PALAMEDES_GAME_SIMULATOR_USEOPT_FALSE;0.6.1;PROVER;2015-04-26;0;true;java.lang.RuntimeException: java.lang.InterruptedException
BASE/amazonsSuicide;PALAMEDES_GAME_SIMULATOR_USEOPT_FALSE;0.6.1;PROVER;2015-04-26;0;true;java.lang.RuntimeException: java.lang.InterruptedException
DRESDEN/pentago_2008;PALAMEDES_GAME_SIMULATOR_USEOPT_FALSE;0.6.1;PROVER;2015-04-26;1000;false;
BASE/skirmishHoles;PALAMEDES_GAME_SIMULATOR_USEOPT_FALSE;0.6.1;PROVER;2015-04-26;1000;false;
BASE/speedChess;PALAMEDES_GAME_SIMULATOR_USEOPT_FALSE;0.6.1;PROVER;2015-04-26;1000;false;
BASE/factoringMutuallyAssuredDestruction;PALAMEDES_GAME_SIMULATOR_USEOPT_FALSE;0.6.1;PROVER;2015-04-26;1000;false;
BASE/duplicateStateSmall;PALAMEDES_GAME_SIMULATOR_USEOPT_FALSE;0.6.1;PROVER;2015-04-26;1000;false;
DRESDEN/vacuum_cleaner_1;PALAMEDES_GAME_SIMULATOR_USEOPT_FALSE;0.6.1;PROVER;2015-04-26;1000;false;
DRESDEN/troublemaker01;PALAMEDES_GAME_SIMULATOR_USEOPT_FALSE;0.6.1;PROVER;2015-04-26;1000;false;
DRESDEN/chinesecheckers2;PALAMEDES_GAME_SIMULATOR_USEOPT_FALSE;0.6.1;PROVER;2015-04-26;1000;false;
BASE/connectFourLarger;PALAMEDES_GAME_SIMULATOR_USEOPT_FALSE;0.6.1;PROVER;2015-04-26;1000;false;
DRESDEN/peg;PALAMEDES_GAME_SIMULATOR_USEOPT_FALSE;0.6.1;PROVER;2015-04-26;1000;false;
BASE/nineBoardTicTacToePie;PALAMEDES_GAME_SIMULATOR_USEOPT_FALSE;0.6.1;PROVER;2015-04-26;1000;false;
BASE/survival;PALAMEDES_GAME_SIMULATOR_USEOPT_FALSE;0.6.1;PROVER;2015-04-26;1000;false;
DRESDEN/vacuumcleaner_obstacles_5;PALAMEDES_GAME_SIMULATOR_USEOPT_FALSE;0.6.1;PROVER;2015-04-26;1000;false;
STANFORD/knightstourbig;PALAMEDES_GAME_SIMULATOR_USEOPT_FALSE;0.6.1;PROVER;2015-04-26;1000;false;
BASE/lightsOnSimul4;PALAMEDES_GAME_SIMULATOR_USEOPT_FALSE;0.6.1;PROVER;2015-04-26;1000;false;
STANFORD/dualrainbow;PALAMEDES_GAME_SIMULATOR_USEOPT_FALSE;0.6.1;PROVER;2015-04-26;1000;false;
DRESDEN/3pffa;PALAMEDES_GAME_SIMULATOR_USEOPT_FALSE;0.6.1;PROVER;2015-04-26;1000;false;
DRESDEN/chickentoetictac;PALAMEDES_GAME_SIMULATOR_USEOPT_FALSE;0.6.1;PROVER;2015-04-26;1000;false;
BASE/hex;PALAMEDES_GAME_SIMULATOR_USEOPT_FALSE;0.6.1;PROVER;2015-04-26;1000;false;
BASE/dotsAndBoxesSuicide;PALAMEDES_GAME_SIMULATOR_USEOPT_FALSE;0.6.1;PROVER;2015-04-26;23;true;Legal move mismatch for role xPlayer    Reference engine value: [( draw 3 5 3 6 ), ( draw 4 4 4 5 ), ( draw 1 5 1 6 ), ( draw 2 1 3 1 ), ( draw 6 2 6 3 ), ( draw 4 1 5 1 ), ( draw 4 3 5 3 ), ( draw 5 2 5 3 ), ( draw 1 2 1 3 ), ( draw 5 1 5 2 ), ( draw 2 2 3 2 ), ( draw 3 4 4 4 ), ( draw 1 3 2 3 ), ( draw 2 4 3 4 ), ( draw 1 2 2 2 ), ( draw 4 2 5 2 ), ( draw 1 1 1 2 ), ( draw 6 3 6 4 ), ( draw 2 6 3 6 ), ( draw 1 6 2 6 ), ( draw 3 3 3 4 ), ( draw 3 6 4 6 ), ( draw 2 1 2 2 ), ( draw 1 4 1 5 ), ( draw 1 3 1 4 ), ( draw 2 2 2 3 ), ( draw 3 3 4 3 ), ( draw 4 1 4 2 ), ( draw 5 5 5 6 ), ( draw 1 5 2 5 ), ( draw 2 3 2 4 ), ( draw 3 4 3 5 ), ( draw 6 1 6 2 ), ( draw 2 4 2 5 ), ( draw 3 2 4 2 ), ( draw 5 2 6 2 ), ( draw 3 5 4 5 )]    Tested engine value:    [noop]    Move history: [[( draw 2 5 3 5 ), noop], [noop, ( draw 3 1 3 2 )], [( draw 5 4 5 5 ), noop], [noop, ( draw 4 5 4 6 )], [( draw 4 3 4 4 ), noop], [noop, ( draw 2 3 3 3 )], [( draw 2 5 2 6 ), noop], [noop, ( draw 5 3 5 4 )], [( draw 1 1 2 1 ), noop], [noop, ( draw 4 5 5 5 )], [( draw 4 6 5 6 ), noop], [noop, ( draw 5 1 6 1 )], [( draw 5 3 6 3 ), noop], [noop, ( draw 3 2 3 3 )], [( draw 6 4 6 5 ), noop], [noop, ( draw 3 1 4 1 )], [( draw 1 4 2 4 ), noop], [noop, ( draw 4 4 5 4 )], [( draw 5 6 6 6 ), noop], [noop, ( draw 4 2 4 3 )], [( draw 6 5 6 6 ), noop], [noop, ( draw 5 4 6 4 )], [( draw 5 5 6 5 ), noop]]
BASE/minichess-evilconjuncts;PALAMEDES_GAME_SIMULATOR_USEOPT_FALSE;0.6.1;PROVER;2015-04-26;1000;false;
DRESDEN/sat_test_20v_91c_version2;PALAMEDES_GAME_SIMULATOR_USEOPT_FALSE;0.6.1;PROVER;2015-04-26;1000;false;
STANFORD/bestbuttonsandlights;PALAMEDES_GAME_SIMULATOR_USEOPT_FALSE;0.6.1;PROVER;2015-04-26;1000;false;
BASE/racer4;PALAMEDES_GAME_SIMULATOR_USEOPT_FALSE;0.6.1;PROVER;2015-04-26;0;true;java.lang.RuntimeException: java.lang.InterruptedException
DRESDEN/logistics;PALAMEDES_GAME_SIMULATOR_USEOPT_FALSE;0.6.1;PROVER;2015-04-26;1000;false;
BASE/tron_10x10;PALAMEDES_GAME_SIMULATOR_USEOPT_FALSE;0.6.1;PROVER;2015-04-26;1000;false;
BASE/mummymaze2p;PALAMEDES_GAME_SIMULATOR_USEOPT_FALSE;0.6.1;PROVER;2015-04-26;1000;false;
BASE/amazonsSuicide_10x10;PALAMEDES_GAME_SIMULATOR_USEOPT_FALSE;0.6.1;PROVER;2015-04-26;1000;false;
BASE/blobwars;PALAMEDES_GAME_SIMULATOR_USEOPT_FALSE;0.6.1;PROVER;2015-04-26;1000;false;
DRESDEN/satlike_20v_91c_version2;PALAMEDES_GAME_SIMULATOR_USEOPT_FALSE;0.6.1;PROVER;2015-04-26;0;true;java.lang.RuntimeException: java.lang.InterruptedException
BASE/englishDraughts;PALAMEDES_GAME_SIMULATOR_USEOPT_FALSE;0.6.1;PROVER;2015-04-26;1000;false;
BASE/slaughter;PALAMEDES_GAME_SIMULATOR_USEOPT_FALSE;0.6.1;PROVER;2015-04-26;46;true;Legal move mismatch for role white    Reference engine value: [( move wk e 1 d 1 ), ( move wp d 2 e 3 ), ( move wb f 1 e 2 )]    Tested engine value:    [( move wk e 1 d 1 ), ( move wp d 2 e 3 )]    Move history: [[( move wp f 2 f 3 ), noop], [noop, ( move bp a 7 a 6 )], [( move wp f 3 f 4 ), noop], [noop, ( move bp h 7 h 6 )], [( move wn g 1 f 3 ), noop], [noop, ( move bp a 6 a 5 )], [( move wn b 1 c 3 ), noop], [noop, ( move bp g 7 g 6 )], [( move wp h 2 h 3 ), noop], [noop, ( move bp b 7 b 6 )], [( move wn c 3 d 5 ), noop], [noop, ( move bp c 7 c 6 )], [( move wn f 3 h 4 ), noop], [noop, ( move bq d 8 c 7 )], [( move wp a 2 a 3 ), noop], [noop, ( move bp f 7 f 6 )], [( move wn d 5 c 3 ), noop], [noop, ( move bp b 6 b 5 )], [( move wn h 4 f 5 ), noop], [noop, ( move bp e 7 e 6 )], [( move wn c 3 b 1 ), noop], [noop, ( move bb f 8 a 3 )], [( move wn f 5 d 4 ), noop], [noop, ( move br a 8 a 6 )], [( move wp g 2 g 3 ), noop], [noop, ( move bk e 8 e 7 )], [( move wp b 2 b 4 ), noop], [noop, ( move bp c 6 c 5 )], [( move wp b 4 c 5 ), noop], [noop, ( move bq c 7 b 6 )], [( move wp e 2 e 3 ), noop], [noop, ( move bb a 3 b 2 )], [( move wr a 1 a 4 ), noop], [noop, ( move bp b 5 b 4 )], [( move wq d 1 h 5 ), noop], [noop, ( move br a 6 a 8 )], [( move wp c 2 c 3 ), noop], [noop, ( move bq b 6 c 7 )], [( move wn d 4 c 6 ), noop], [noop, ( move bp d 7 c 6 )], [( move wr a 4 a 3 ), noop], [noop, ( move bn b 8 a 6 )], [( move wq h 5 h 4 ), noop], [noop, ( move bq c 7 f 4 )], [( move wb c 1 b 2 ), noop], [noop, ( move bq f 4 e 3 )]]
DRESDEN/nim1;PALAMEDES_GAME_SIMULATOR_USEOPT_FALSE;0.6.1;PROVER;2015-04-26;1000;false;
DRESDEN/troublemaker02;PALAMEDES_GAME_SIMULATOR_USEOPT_FALSE;0.6.1;PROVER;2015-04-26;1000;false;
BASE/racer;PALAMEDES_GAME_SIMULATOR_USEOPT_FALSE;0.6.1;PROVER;2015-04-26;0;true;java.lang.RuntimeException: java.lang.InterruptedException
DRESDEN/bidding-tictactoe_10coins;PALAMEDES_GAME_SIMULATOR_USEOPT_FALSE;0.6.1;PROVER;2015-04-26;1000;false;
STANFORD/multiplebuttonsandlights_9;PALAMEDES_GAME_SIMULATOR_USEOPT_FALSE;0.6.1;PROVER;2015-04-26;1000;false;
STANFORD/rainbow;PALAMEDES_GAME_SIMULATOR_USEOPT_FALSE;0.6.1;PROVER;2015-04-26;1000;false;
DRESDEN/nim2;PALAMEDES_GAME_SIMULATOR_USEOPT_FALSE;0.6.1;PROVER;2015-04-26;1000;false;
DRESDEN/battlebrushes;PALAMEDES_GAME_SIMULATOR_USEOPT_FALSE;0.6.1;PROVER;2015-04-26;1000;false;
BASE/incredible;PALAMEDES_GAME_SIMULATOR_USEOPT_FALSE;0.6.1;PROVER;2015-04-26;1000;false;
DRESDEN/tictactoelarge;PALAMEDES_GAME_SIMULATOR_USEOPT_FALSE;0.6.1;PROVER;2015-04-26;1000;false;
DRESDEN/laikLee_hex;PALAMEDES_GAME_SIMULATOR_USEOPT_FALSE;0.6.1;PROVER;2015-04-26;0;true;java.lang.RuntimeException: java.lang.InterruptedException
BASE/breakthroughWalls;PALAMEDES_GAME_SIMULATOR_USEOPT_FALSE;0.6.1;PROVER;2015-04-26;1000;false;
BASE/toetictac;PALAMEDES_GAME_SIMULATOR_USEOPT_FALSE;0.6.1;PROVER;2015-04-26;1000;false;
DRESDEN/bomberman2p;PALAMEDES_GAME_SIMULATOR_USEOPT_FALSE;0.6.1;PROVER;2015-04-26;1000;false;
BASE/majorities;PALAMEDES_GAME_SIMULATOR_USEOPT_FALSE;0.6.1;PROVER;2015-04-26;1000;false;
BASE/snakeParallel;PALAMEDES_GAME_SIMULATOR_USEOPT_FALSE;0.6.1;PROVER;2015-04-26;1000;false;
DRESDEN/vacuumcleaner_obstacles_3;PALAMEDES_GAME_SIMULATOR_USEOPT_FALSE;0.6.1;PROVER;2015-04-26;1000;false;
DRESDEN/3qbf-5cnf-20var-40cl.2.qdimacs.satlike;PALAMEDES_GAME_SIMULATOR_USEOPT_FALSE;0.6.1;PROVER;2015-04-26;1000;false;
DRESDEN/blocker;PALAMEDES_GAME_SIMULATOR_USEOPT_FALSE;0.6.1;PROVER;2015-04-26;1000;false;
BASE/crisscross;PALAMEDES_GAME_SIMULATOR_USEOPT_FALSE;0.6.1;PROVER;2015-04-26;1000;false;
BASE/eotcatcit;PALAMEDES_GAME_SIMULATOR_USEOPT_FALSE;0.6.1;PROVER;2015-04-26;1000;false;
BASE/ticTacToeParallel;PALAMEDES_GAME_SIMULATOR_USEOPT_FALSE;0.6.1;PROVER;2015-04-26;1000;false;
BASE/untwistycomplex2;PALAMEDES_GAME_SIMULATOR_USEOPT_FALSE;0.6.1;PROVER;2015-04-26;1000;false;
DRESDEN/crossers3;PALAMEDES_GAME_SIMULATOR_USEOPT_FALSE;0.6.1;PROVER;2015-04-26;1000;false;
BASE/stateSpaceLarge;PALAMEDES_GAME_SIMULATOR_USEOPT_FALSE;0.6.1;PROVER;2015-04-26;1000;false;
BASE/ghostMaze2p;PALAMEDES_GAME_SIMULATOR_USEOPT_FALSE;0.6.1;PROVER;2015-04-26;1000;false;
DRESDEN/pancakes;PALAMEDES_GAME_SIMULATOR_USEOPT_FALSE;0.6.1;PROVER;2015-04-26;1000;false;
BASE/othello-comp2007;PALAMEDES_GAME_SIMULATOR_USEOPT_FALSE;0.6.1;PROVER;2015-04-26;0;true;java.lang.RuntimeException: java.lang.InterruptedException
DRESDEN/twisty-passages;PALAMEDES_GAME_SIMULATOR_USEOPT_FALSE;0.6.1;PROVER;2015-04-26;1000;false;
BASE/gt_prisoner;PALAMEDES_GAME_SIMULATOR_USEOPT_FALSE;0.6.1;PROVER;2015-04-26;1000;false;
DRESDEN/chomp;PALAMEDES_GAME_SIMULATOR_USEOPT_FALSE;0.6.1;PROVER;2015-04-26;1000;false;
DRESDEN/double_tictactoe_dengji;PALAMEDES_GAME_SIMULATOR_USEOPT_FALSE;0.6.1;PROVER;2015-04-26;1000;false;
BASE/pancakes6;PALAMEDES_GAME_SIMULATOR_USEOPT_FALSE;0.6.1;PROVER;2015-04-26;1000;false;
DRESDEN/uf20-01.cnf.SAT;PALAMEDES_GAME_SIMULATOR_USEOPT_FALSE;0.6.1;PROVER;2015-04-26;1000;false;
DRESDEN/queens;PALAMEDES_GAME_SIMULATOR_USEOPT_FALSE;0.6.1;PROVER;2015-04-26;0;true;java.lang.RuntimeException: java.lang.InterruptedException
BASE/mummymaze1p;PALAMEDES_GAME_SIMULATOR_USEOPT_FALSE;0.6.1;PROVER;2015-04-26;1000;false;
BASE/pawnToQueen;PALAMEDES_GAME_SIMULATOR_USEOPT_FALSE;0.6.1;PROVER;2015-04-26;0;true;java.lang.RuntimeException: java.lang.InterruptedException
BASE/skirmishFinal3;PALAMEDES_GAME_SIMULATOR_USEOPT_FALSE;0.6.1;PROVER;2015-04-26;1000;false;
BASE/asteroids;PALAMEDES_GAME_SIMULATOR_USEOPT_FALSE;0.6.1;PROVER;2015-04-26;1000;false;
BASE/guess;PALAMEDES_GAME_SIMULATOR_USEOPT_FALSE;0.6.1;PROVER;2015-04-26;0;true;java.lang.RuntimeException: java.lang.InterruptedException
BASE/wargame03;PALAMEDES_GAME_SIMULATOR_USEOPT_FALSE;0.6.1;PROVER;2015-04-26;1000;false;
BASE/pacman3p;PALAMEDES_GAME_SIMULATOR_USEOPT_FALSE;0.6.1;PROVER;2015-04-26;1000;false;
BASE/stateSpaceMedium;PALAMEDES_GAME_SIMULATOR_USEOPT_FALSE;0.6.1;PROVER;2015-04-26;1000;false;
BASE/checkers;PALAMEDES_GAME_SIMULATOR_USEOPT_FALSE;0.6.1;PROVER;2015-04-26;1000;false;
BASE/snake_2009_big;PALAMEDES_GAME_SIMULATOR_USEOPT_FALSE;0.6.1;PROVER;2015-04-26;1000;false;
BASE/slidingpieces;PALAMEDES_GAME_SIMULATOR_USEOPT_FALSE;0.6.1;PROVER;2015-04-26;1000;false;
STANFORD/connectfour;PALAMEDES_GAME_SIMULATOR_USEOPT_FALSE;0.6.1;PROVER;2015-04-26;1000;false;
BASE/zhadu;PALAMEDES_GAME_SIMULATOR_USEOPT_FALSE;0.6.1;PROVER;2015-04-26;11;true;Legal move mismatch for role dark    Reference engine value: [( move 3 e1 ), ( move 3 g3 ), ( move 3 g1 ), ( move 123 g3 ), ( move 1 f2 ), ( move 3 e2 ), ( move 3 e3 ), ( move 3 f3 ), ( move 3 b3 ), ( move 3 g2 ), ( move 123 e1 ), ( move 3 g ), ( move 3 f2 ), ( move 123 f1 ), ( move 123 g2 ), ( move 123 g1 ), ( move 123 f3 ), ( move 3 f1 ), ( move 123 g ), ( move 3 e ), ( move 123 e2 ), ( move 123 f2 )]    Tested engine value:    [( move 123 g1 ), ( move 1 f2 ), ( move 123 f3 ), ( move 123 f1 ), ( move 123 f2 )]    Move history: [[( place 123 a1 ), noop], [noop, ( place 4 h1 )], [( place 4 c ), noop], [noop, ( place 3 f )], [( place 2 a2 ), noop], [noop, ( place 123 h2 )], [( place 3 a ), noop], [noop, ( place 1 h3 )], [( place 1 a3 ), noop], [noop, ( place 2 h )], [( move 4 g3 ), noop]]
BASE/gt_two_thirds_6p;PALAMEDES_GAME_SIMULATOR_USEOPT_FALSE;0.6.1;PROVER;2015-04-26;1000;false;
BASE/breakthroughHoles;PALAMEDES_GAME_SIMULATOR_USEOPT_FALSE;0.6.1;PROVER;2015-04-26;1000;false;
BASE/kitten_escapes_from_fire;PALAMEDES_GAME_SIMULATOR_USEOPT_FALSE;0.6.1;PROVER;2015-04-26;1000;false;
DRESDEN/breakthroughsuicide_v2;PALAMEDES_GAME_SIMULATOR_USEOPT_FALSE;0.6.1;PROVER;2015-04-26;1000;false;
BASE/minichess;PALAMEDES_GAME_SIMULATOR_USEOPT_FALSE;0.6.1;PROVER;2015-04-26;1000;false;
BASE/skirmishFinal2;PALAMEDES_GAME_SIMULATOR_USEOPT_FALSE;0.6.1;PROVER;2015-04-26;1000;false;
BASE/lightsOn;PALAMEDES_GAME_SIMULATOR_USEOPT_FALSE;0.6.1;PROVER;2015-04-26;1000;false;
BASE/tictactoe_3player;PALAMEDES_GAME_SIMULATOR_USEOPT_FALSE;0.6.1;PROVER;2015-04-26;1000;false;
DRESDEN/lightson2x2;PALAMEDES_GAME_SIMULATOR_USEOPT_FALSE;0.6.1;PROVER;2015-04-26;1000;false;
BASE/hodgepodge;PALAMEDES_GAME_SIMULATOR_USEOPT_FALSE;0.6.1;PROVER;2015-04-26;1000;false;
DRESDEN/frogs_and_toads;PALAMEDES_GAME_SIMULATOR_USEOPT_FALSE;0.6.1;PROVER;2015-04-26;1000;false;
STANFORD/jointbuttonsandlights;PALAMEDES_GAME_SIMULATOR_USEOPT_FALSE;0.6.1;PROVER;2015-04-26;1000;false;
DRESDEN/aipsrovers01;PALAMEDES_GAME_SIMULATOR_USEOPT_FALSE;0.6.1;PROVER;2015-04-26;1000;false;
BASE/connectFourLarge;PALAMEDES_GAME_SIMULATOR_USEOPT_FALSE;0.6.1;PROVER;2015-04-26;1000;false;
STANFORD/multiplebuttonsandlights;PALAMEDES_GAME_SIMULATOR_USEOPT_FALSE;0.6.1;PROVER;2015-04-26;1000;false;
BASE/tictactoe_3d_small_6player;PALAMEDES_GAME_SIMULATOR_USEOPT_FALSE;0.6.1;PROVER;2015-04-26;1000;false;
BASE/tttcc4;PALAMEDES_GAME_SIMULATOR_USEOPT_FALSE;0.6.1;PROVER;2015-04-26;1000;false;
STANFORD/sudoku;PALAMEDES_GAME_SIMULATOR_USEOPT_FALSE;0.6.1;PROVER;2015-04-26;1000;true;Timed out after 240 seconds
BASE/golden_rectangle;PALAMEDES_GAME_SIMULATOR_USEOPT_FALSE;0.6.1;PROVER;2015-04-26;0;true;java.lang.RuntimeException: java.lang.InterruptedException
BASE/numbertictactoe;PALAMEDES_GAME_SIMULATOR_USEOPT_FALSE;0.6.1;PROVER;2015-04-26;1000;false;
BASE/ticblock;PALAMEDES_GAME_SIMULATOR_USEOPT_FALSE;0.6.1;PROVER;2015-04-26;1000;false;
DRESDEN/ggp-course2013_nicolai;PALAMEDES_GAME_SIMULATOR_USEOPT_FALSE;0.6.1;PROVER;2015-04-26;1000;false;
BASE/skirmishFinal1;PALAMEDES_GAME_SIMULATOR_USEOPT_FALSE;0.6.1;PROVER;2015-04-26;1000;false;
DRESDEN/tictactoe;PALAMEDES_GAME_SIMULATOR_USEOPT_FALSE;0.6.1;PROVER;2015-04-26;1000;false;
DRESDEN/grid_game;PALAMEDES_GAME_SIMULATOR_USEOPT_FALSE;0.6.1;PROVER;2015-04-26;1000;false;
DRESDEN/tictactoex9;PALAMEDES_GAME_SIMULATOR_USEOPT_FALSE;0.6.1;PROVER;2015-04-26;1000;false;
BASE/wargame01;PALAMEDES_GAME_SIMULATOR_USEOPT_FALSE;0.6.1;PROVER;2015-04-26;1000;false;
DRESDEN/stratego;PALAMEDES_GAME_SIMULATOR_USEOPT_FALSE;0.6.1;PROVER;2015-04-26;1000;false;
BASE/pacman2p;PALAMEDES_GAME_SIMULATOR_USEOPT_FALSE;0.6.1;PROVER;2015-04-26;1000;false;
BASE/2pffa;PALAMEDES_GAME_SIMULATOR_USEOPT_FALSE;0.6.1;PROVER;2015-04-26;1000;false;
DRESDEN/bunk_t;PALAMEDES_GAME_SIMULATOR_USEOPT_FALSE;0.6.1;PROVER;2015-04-26;1000;false;
BASE/ttcc4_2player_alt;PALAMEDES_GAME_SIMULATOR_USEOPT_FALSE;0.6.1;PROVER;2015-04-26;1000;false;
BASE/stateSpaceSmall;PALAMEDES_GAME_SIMULATOR_USEOPT_FALSE;0.6.1;PROVER;2015-04-26;1000;false;
DRESDEN/gt_chicken;PALAMEDES_GAME_SIMULATOR_USEOPT_FALSE;0.6.1;PROVER;2015-04-26;1000;false;
DRESDEN/Zhadu;PALAMEDES_GAME_SIMULATOR_USEOPT_FALSE;0.6.1;PROVER;2015-04-26;0;true;java.lang.RuntimeException: java.lang.InterruptedException
DRESDEN/skirmish;PALAMEDES_GAME_SIMULATOR_USEOPT_FALSE;0.6.1;PROVER;2015-04-26;1000;false;
STANFORD/tictactoe7;PALAMEDES_GAME_SIMULATOR_USEOPT_FALSE;0.6.1;PROVER;2015-04-26;1000;false;
BASE/cubicup;PALAMEDES_GAME_SIMULATOR_USEOPT_FALSE;0.6.1;PROVER;2015-04-26;1000;false;
BASE/hallway;PALAMEDES_GAME_SIMULATOR_USEOPT_FALSE;0.6.1;PROVER;2015-04-26;1000;false;
BASE/tictactoe-init1;PALAMEDES_GAME_SIMULATOR_USEOPT_FALSE;0.6.1;PROVER;2015-04-26;1000;false;
BASE/wargame02;PALAMEDES_GAME_SIMULATOR_USEOPT_FALSE;0.6.1;PROVER;2015-04-26;1000;false;
DRESDEN/ggp-course2013_michal13;PALAMEDES_GAME_SIMULATOR_USEOPT_FALSE;0.6.1;PROVER;2015-04-26;1000;true;Timed out after 240 seconds
BASE/switches;PALAMEDES_GAME_SIMULATOR_USEOPT_FALSE;0.6.1;PROVER;2015-04-26;1000;false;
BASE/breakthroughSmall;PALAMEDES_GAME_SIMULATOR_USEOPT_FALSE;0.6.1;PROVER;2015-04-26;1000;false;
BASE/kalaha5x2x3;PALAMEDES_GAME_SIMULATOR_USEOPT_FALSE;0.6.1;PROVER;2015-04-26;1000;false;
DRESDEN/firefighter;PALAMEDES_GAME_SIMULATOR_USEOPT_FALSE;0.6.1;PROVER;2015-04-26;1000;false;
BASE/checkersTiny;PALAMEDES_GAME_SIMULATOR_USEOPT_FALSE;0.6.1;PROVER;2015-04-26;1000;false;
BASE/sheepAndWolf;PALAMEDES_GAME_SIMULATOR_USEOPT_FALSE;0.6.1;PROVER;2015-04-26;1000;false;
DRESDEN/quartosuicide;PALAMEDES_GAME_SIMULATOR_USEOPT_FALSE;0.6.1;PROVER;2015-04-26;1000;false;
BASE/coins_atomic;PALAMEDES_GAME_SIMULATOR_USEOPT_FALSE;0.6.1;PROVER;2015-04-26;1000;false;
DRESDEN/battle;PALAMEDES_GAME_SIMULATOR_USEOPT_FALSE;0.6.1;PROVER;2015-04-26;0;true;java.lang.RuntimeException: java.lang.InterruptedException
BASE/doubletictactoe;PALAMEDES_GAME_SIMULATOR_USEOPT_FALSE;0.6.1;PROVER;2015-04-26;1000;false;
BASE/gt_coordination;PALAMEDES_GAME_SIMULATOR_USEOPT_FALSE;0.6.1;PROVER;2015-04-26;1000;false;
DRESDEN/pawn_whopping_simultaneous;PALAMEDES_GAME_SIMULATOR_USEOPT_FALSE;0.6.1;PROVER;2015-04-26;1000;false;
BASE/hexPie;PALAMEDES_GAME_SIMULATOR_USEOPT_FALSE;0.6.1;PROVER;2015-04-26;1000;false;
BASE/othelloHoles;PALAMEDES_GAME_SIMULATOR_USEOPT_FALSE;0.6.1;PROVER;2015-04-26;0;true;java.lang.RuntimeException: java.lang.InterruptedException
BASE/3pConnectFour;PALAMEDES_GAME_SIMULATOR_USEOPT_FALSE;0.6.1;PROVER;2015-04-26;1000;false;
DRESDEN/knightwar;PALAMEDES_GAME_SIMULATOR_USEOPT_FALSE;0.6.1;PROVER;2015-04-26;1000;false;
DRESDEN/vacuumcleaner_random_big;PALAMEDES_GAME_SIMULATOR_USEOPT_FALSE;0.6.1;PROVER;2015-04-26;1000;false;
BASE/ruleDepthLinear;PALAMEDES_GAME_SIMULATOR_USEOPT_FALSE;0.6.1;PROVER;2015-04-26;1000;false;
BASE/hanoi_6_disks;PALAMEDES_GAME_SIMULATOR_USEOPT_FALSE;0.6.1;PROVER;2015-04-26;1000;false;
DRESDEN/small_dominion;PALAMEDES_GAME_SIMULATOR_USEOPT_FALSE;0.6.1;PROVER;2015-04-26;0;true;java.lang.RuntimeException: java.lang.InterruptedException
BASE/tictactoe_3d_6player;PALAMEDES_GAME_SIMULATOR_USEOPT_FALSE;0.6.1;PROVER;2015-04-26;1000;false;
BASE/kalaha_2009;PALAMEDES_GAME_SIMULATOR_USEOPT_FALSE;0.6.1;PROVER;2015-04-26;1000;false;
BASE/quad_5x5;PALAMEDES_GAME_SIMULATOR_USEOPT_FALSE;0.6.1;PROVER;2015-04-26;0;true;java.lang.RuntimeException: java.lang.InterruptedException
BASE/snake_2008;PALAMEDES_GAME_SIMULATOR_USEOPT_FALSE;0.6.1;PROVER;2015-04-26;1000;false;
BASE/tictactoe_3d_2player;PALAMEDES_GAME_SIMULATOR_USEOPT_FALSE;0.6.1;PROVER;2015-04-26;1000;false;
DRESDEN/checkers-cylinder-mustjump;PALAMEDES_GAME_SIMULATOR_USEOPT_FALSE;0.6.1;PROVER;2015-04-26;0;true;java.lang.RuntimeException: java.lang.InterruptedException
DRESDEN/quad_7x7;PALAMEDES_GAME_SIMULATOR_USEOPT_FALSE;0.6.1;PROVER;2015-04-26;0;true;java.lang.OutOfMemoryError: GC overhead limit exceeded
BASE/factoringImpossibleTurtleBrain;PALAMEDES_GAME_SIMULATOR_USEOPT_FALSE;0.6.1;PROVER;2015-04-26;0;true;java.lang.RuntimeException: java.lang.InterruptedException
BASE/chineseCheckers6;PALAMEDES_GAME_SIMULATOR_USEOPT_FALSE;0.6.1;PROVER;2015-04-26;1000;false;
BASE/factoringEasyTurtleBrain;PALAMEDES_GAME_SIMULATOR_USEOPT_FALSE;0.6.1;PROVER;2015-04-26;1000;false;
DRESDEN/four_way_battle;PALAMEDES_GAME_SIMULATOR_USEOPT_FALSE;0.6.1;PROVER;2015-04-26;1000;false;
DRESDEN/chickentictactoe;PALAMEDES_GAME_SIMULATOR_USEOPT_FALSE;0.6.1;PROVER;2015-04-26;1000;false;
BASE/peg;PALAMEDES_GAME_SIMULATOR_USEOPT_FALSE;0.6.1;PROVER;2015-04-26;1000;false;
DRESDEN/checkers-newgoals;PALAMEDES_GAME_SIMULATOR_USEOPT_FALSE;0.6.1;PROVER;2015-04-26;1000;false;
STANFORD/untwistycorridor;PALAMEDES_GAME_SIMULATOR_USEOPT_FALSE;0.6.1;PROVER;2015-04-26;1000;false;
STANFORD/3puzzle;PALAMEDES_GAME_SIMULATOR_USEOPT_FALSE;0.6.1;PROVER;2015-04-26;1000;false;
BASE/checkers-mustjump;PALAMEDES_GAME_SIMULATOR_USEOPT_FALSE;0.6.1;PROVER;2015-04-26;0;true;java.lang.RuntimeException: java.lang.InterruptedException
STANFORD/trifecta;PALAMEDES_GAME_SIMULATOR_USEOPT_FALSE;0.6.1;PROVER;2015-04-26;1000;false;
DRESDEN/doubletoetictac;PALAMEDES_GAME_SIMULATOR_USEOPT_FALSE;0.6.1;PROVER;2015-04-26;1000;false;
BASE/quad;PALAMEDES_GAME_SIMULATOR_USEOPT_FALSE;0.6.1;PROVER;2015-04-26;0;true;java.lang.RuntimeException: java.lang.InterruptedException
BASE/lightsOnParallel;PALAMEDES_GAME_SIMULATOR_USEOPT_FALSE;0.6.1;PROVER;2015-04-26;1000;false;
BASE/3pttc;PALAMEDES_GAME_SIMULATOR_USEOPT_FALSE;0.6.1;PROVER;2015-04-26;1000;false;
DRESDEN/minichess-evilconjuncts;PALAMEDES_GAME_SIMULATOR_USEOPT_FALSE;0.6.1;PROVER;2015-04-26;1000;false;
BASE/knightazons;PALAMEDES_GAME_SIMULATOR_USEOPT_FALSE;0.6.1;PROVER;2015-04-26;1000;false;
BASE/ticTacToeLargeSuicide;PALAMEDES_GAME_SIMULATOR_USEOPT_FALSE;0.6.1;PROVER;2015-04-26;1000;false;
BASE/snake_2009;PALAMEDES_GAME_SIMULATOR_USEOPT_FALSE;0.6.1;PROVER;2015-04-26;1000;false;
BASE/coins;PALAMEDES_GAME_SIMULATOR_USEOPT_FALSE;0.6.1;PROVER;2015-04-26;1000;false;
BASE/gt_ultimatum;PALAMEDES_GAME_SIMULATOR_USEOPT_FALSE;0.6.1;PROVER;2015-04-26;1000;false;
BASE/wallmaze;PALAMEDES_GAME_SIMULATOR_USEOPT_FALSE;0.6.1;PROVER;2015-04-26;1000;false;
BASE/gt_centipede;PALAMEDES_GAME_SIMULATOR_USEOPT_FALSE;0.6.1;PROVER;2015-04-26;1000;false;
DRESDEN/cylinder-checkers;PALAMEDES_GAME_SIMULATOR_USEOPT_FALSE;0.6.1;PROVER;2015-04-26;1000;false;
DRESDEN/cubicup_3player;PALAMEDES_GAME_SIMULATOR_USEOPT_FALSE;0.6.1;PROVER;2015-04-26;1000;false;
BASE/bunk_t;PALAMEDES_GAME_SIMULATOR_USEOPT_FALSE;0.6.1;PROVER;2015-04-26;1000;false;
BASE/sum15;PALAMEDES_GAME_SIMULATOR_USEOPT_FALSE;0.6.1;PROVER;2015-04-26;1000;false;
DRESDEN/knightthrough;PALAMEDES_GAME_SIMULATOR_USEOPT_FALSE;0.6.1;PROVER;2015-04-26;1000;false;
DRESDEN/satlike_20v_91c;PALAMEDES_GAME_SIMULATOR_USEOPT_FALSE;0.6.1;PROVER;2015-04-26;0;true;java.lang.RuntimeException: java.lang.InterruptedException
BASE/beatMania;PALAMEDES_GAME_SIMULATOR_USEOPT_FALSE;0.6.1;PROVER;2015-04-26;1000;false;
STANFORD/knightstour;PALAMEDES_GAME_SIMULATOR_USEOPT_FALSE;0.6.1;PROVER;2015-04-26;1000;false;
DRESDEN/Catch-Me-If-You-Can;PALAMEDES_GAME_SIMULATOR_USEOPT_FALSE;0.6.1;PROVER;2015-04-26;1000;false;
DRESDEN/brawl;PALAMEDES_GAME_SIMULATOR_USEOPT_FALSE;0.6.1;PROVER;2015-04-26;1000;false;
BASE/crissrace;PALAMEDES_GAME_SIMULATOR_USEOPT_FALSE;0.6.1;PROVER;2015-04-26;1000;false;
BASE/chineseCheckers4;PALAMEDES_GAME_SIMULATOR_USEOPT_FALSE;0.6.1;PROVER;2015-04-26;1000;false;
BASE/breakthrough;PALAMEDES_GAME_SIMULATOR_USEOPT_FALSE;0.6.1;PROVER;2015-04-26;1000;false;
BASE/factoringMediumTurtleBrain;PALAMEDES_GAME_SIMULATOR_USEOPT_FALSE;0.6.1;PROVER;2015-04-26;1000;false;
BASE/simultaneousWin2;PALAMEDES_GAME_SIMULATOR_USEOPT_FALSE;0.6.1;PROVER;2015-04-26;1000;false;
BASE/tpeg;PALAMEDES_GAME_SIMULATOR_USEOPT_FALSE;0.6.1;PROVER;2015-04-26;1000;false;
BASE/connectFourSuicide;PALAMEDES_GAME_SIMULATOR_USEOPT_FALSE;0.6.1;PROVER;2015-04-26;1000;false;
BASE/duplicateStateLarge;PALAMEDES_GAME_SIMULATOR_USEOPT_FALSE;0.6.1;PROVER;2015-04-26;1000;false;
BASE/hitori;PALAMEDES_GAME_SIMULATOR_USEOPT_FALSE;0.6.1;PROVER;2015-04-26;0;true;java.lang.RuntimeException: java.lang.InterruptedException
BASE/blocksWorldParallel;PALAMEDES_GAME_SIMULATOR_USEOPT_FALSE;0.6.1;PROVER;2015-04-26;1000;false;
BASE/firefighter;PALAMEDES_GAME_SIMULATOR_USEOPT_FALSE;0.6.1;PROVER;2015-04-26;1000;false;
BASE/kalaha6x2x4;PALAMEDES_GAME_SIMULATOR_USEOPT_FALSE;0.6.1;PROVER;2015-04-26;1000;false;
BASE/duplicateStateMedium;PALAMEDES_GAME_SIMULATOR_USEOPT_FALSE;0.6.1;PROVER;2015-04-26;1000;false;
BASE/quarto;PALAMEDES_GAME_SIMULATOR_USEOPT_FALSE;0.6.1;PROVER;2015-04-26;1000;false;
DRESDEN/snake_2009_big;PALAMEDES_GAME_SIMULATOR_USEOPT_FALSE;0.6.1;PROVER;2015-04-26;1000;false;
BASE/chineseCheckers3;PALAMEDES_GAME_SIMULATOR_USEOPT_FALSE;0.6.1;PROVER;2015-04-26;1000;false;
BASE/lightsOut;PALAMEDES_GAME_SIMULATOR_USEOPT_FALSE;0.6.1;PROVER;2015-04-26;1000;false;
DRESDEN/max_knights;PALAMEDES_GAME_SIMULATOR_USEOPT_FALSE;0.6.1;PROVER;2015-04-26;1000;false;
DRESDEN/skirmishfinal;PALAMEDES_GAME_SIMULATOR_USEOPT_FALSE;0.6.1;PROVER;2015-04-26;1000;false;
BASE/blockerParallel;PALAMEDES_GAME_SIMULATOR_USEOPT_FALSE;0.6.1;PROVER;2015-04-26;1000;false;
DRESDEN/smallest;PALAMEDES_GAME_SIMULATOR_USEOPT_FALSE;0.6.1;PROVER;2015-04-26;1000;false;
DRESDEN/nim4;PALAMEDES_GAME_SIMULATOR_USEOPT_FALSE;0.6.1;PROVER;2015-04-26;1000;false;
BASE/tictactoe2;PALAMEDES_GAME_SIMULATOR_USEOPT_FALSE;0.6.1;PROVER;2015-04-26;1000;false;
DRESDEN/tictictoe;PALAMEDES_GAME_SIMULATOR_USEOPT_FALSE;0.6.1;PROVER;2015-04-26;1000;false;
BASE/asteroidsSerial;PALAMEDES_GAME_SIMULATOR_USEOPT_FALSE;0.6.1;PROVER;2015-04-26;1000;false;
DRESDEN/tictactoe_3player;PALAMEDES_GAME_SIMULATOR_USEOPT_FALSE;0.6.1;PROVER;2015-04-26;1000;false;
STANFORD/breakthroughsmall;PALAMEDES_GAME_SIMULATOR_USEOPT_FALSE;0.6.1;PROVER;2015-04-26;1000;false;
DRESDEN/hallway;PALAMEDES_GAME_SIMULATOR_USEOPT_FALSE;0.6.1;PROVER;2015-04-26;1000;false;
DRESDEN/tictactoe-init1;PALAMEDES_GAME_SIMULATOR_USEOPT_FALSE;0.6.1;PROVER;2015-04-26;1000;false;
DRESDEN/buttons;PALAMEDES_GAME_SIMULATOR_USEOPT_FALSE;0.6.1;PROVER;2015-04-26;1000;false;
BASE/merrills;PALAMEDES_GAME_SIMULATOR_USEOPT_FALSE;0.6.1;PROVER;2015-04-26;0;true;java.lang.RuntimeException: java.lang.InterruptedException
BASE/sudoku;PALAMEDES_GAME_SIMULATOR_USEOPT_FALSE;0.6.1;PROVER;2015-04-26;1000;false;
BASE/chineseCheckers2;PALAMEDES_GAME_SIMULATOR_USEOPT_FALSE;0.6.1;PROVER;2015-04-26;1000;false;
BASE/pancakes88;PALAMEDES_GAME_SIMULATOR_USEOPT_FALSE;0.6.1;PROVER;2015-04-26;1000;false;
BASE/colonelBlottoVariant;PALAMEDES_GAME_SIMULATOR_USEOPT_FALSE;0.6.1;PROVER;2015-04-26;1000;false;
DRESDEN/gt_ultimatum;PALAMEDES_GAME_SIMULATOR_USEOPT_FALSE;0.6.1;PROVER;2015-04-26;1000;false;
BASE/blocks2player;PALAMEDES_GAME_SIMULATOR_USEOPT_FALSE;0.6.1;PROVER;2015-04-26;1000;false;
DRESDEN/ticblock;PALAMEDES_GAME_SIMULATOR_USEOPT_FALSE;0.6.1;PROVER;2015-04-26;1000;false;
STANFORD/duidoku;PALAMEDES_GAME_SIMULATOR_USEOPT_FALSE;0.6.1;PROVER;2015-04-26;0;true;java.lang.RuntimeException: java.lang.InterruptedException
DRESDEN/nim3;PALAMEDES_GAME_SIMULATOR_USEOPT_FALSE;0.6.1;PROVER;2015-04-26;1000;false;
BASE/cylinder-checkers;PALAMEDES_GAME_SIMULATOR_USEOPT_FALSE;0.6.1;PROVER;2015-04-26;1000;false;
BASE/ticTacHeavenFC;PALAMEDES_GAME_SIMULATOR_USEOPT_FALSE;0.6.1;PROVER;2015-04-26;1000;false;
DRESDEN/tictactoe_3d_small_2player;PALAMEDES_GAME_SIMULATOR_USEOPT_FALSE;0.6.1;PROVER;2015-04-26;1000;false;
BASE/haystack;PALAMEDES_GAME_SIMULATOR_USEOPT_FALSE;0.6.1;PROVER;2015-04-26;1000;false;
BASE/chineseCheckers1;PALAMEDES_GAME_SIMULATOR_USEOPT_FALSE;0.6.1;PROVER;2015-04-26;1000;false;
BASE/circlesolitaire;PALAMEDES_GAME_SIMULATOR_USEOPT_FALSE;0.6.1;PROVER;2015-04-26;1000;false;
DRESDEN/breakthroughsuicide;PALAMEDES_GAME_SIMULATOR_USEOPT_FALSE;0.6.1;PROVER;2015-04-26;1000;false;
BASE/pancakes;PALAMEDES_GAME_SIMULATOR_USEOPT_FALSE;0.6.1;PROVER;2015-04-26;1000;false;
DRESDEN/blobwars;PALAMEDES_GAME_SIMULATOR_USEOPT_FALSE;0.6.1;PROVER;2015-04-26;1000;false;
DRESDEN/lightsout2;PALAMEDES_GAME_SIMULATOR_USEOPT_FALSE;0.6.1;PROVER;2015-04-26;1000;false;
BASE/laikLee_hex;PALAMEDES_GAME_SIMULATOR_USEOPT_FALSE;0.6.1;PROVER;2015-04-26;0;true;java.lang.RuntimeException: java.lang.InterruptedException
STANFORD/madness;PALAMEDES_GAME_SIMULATOR_USEOPT_FALSE;0.6.1;PROVER;2015-04-26;1000;false;
BASE/2pffa_zerosum;PALAMEDES_GAME_SIMULATOR_USEOPT_FALSE;0.6.1;PROVER;2015-04-26;1000;false;
BASE/smallest_4player;PALAMEDES_GAME_SIMULATOR_USEOPT_FALSE;0.6.1;PROVER;2015-04-26;1000;false;
STANFORD/multipletictactoe;PALAMEDES_GAME_SIMULATOR_USEOPT_FALSE;0.6.1;PROVER;2015-04-26;1000;false;
BASE/point_grab;PALAMEDES_GAME_SIMULATOR_USEOPT_FALSE;0.6.1;PROVER;2015-04-26;1000;false;
BASE/pentago;PALAMEDES_GAME_SIMULATOR_USEOPT_FALSE;0.6.1;PROVER;2015-04-26;1000;false;
DRESDEN/Thief_Police;PALAMEDES_GAME_SIMULATOR_USEOPT_FALSE;0.6.1;PROVER;2015-04-26;1000;false;
BASE/knightsTour;PALAMEDES_GAME_SIMULATOR_USEOPT_FALSE;0.6.1;PROVER;2015-04-26;1000;false;
DRESDEN/statespacemedium;PALAMEDES_GAME_SIMULATOR_USEOPT_FALSE;0.6.1;PROVER;2015-04-26;1000;false;
BASE/cubicup_3player;PALAMEDES_GAME_SIMULATOR_USEOPT_FALSE;0.6.1;PROVER;2015-04-26;1000;false;
DRESDEN/crissrace;PALAMEDES_GAME_SIMULATOR_USEOPT_FALSE;0.6.1;PROVER;2015-04-26;1000;false;
DRESDEN/3qbf-5cnf-20var-40cl.1.qdimacs.SAT;PALAMEDES_GAME_SIMULATOR_USEOPT_FALSE;0.6.1;PROVER;2015-04-26;1000;false;
DRESDEN/breakthrough;PALAMEDES_GAME_SIMULATOR_USEOPT_FALSE;0.6.1;PROVER;2015-04-26;1000;false;
DRESDEN/racetrackcorridor;PALAMEDES_GAME_SIMULATOR_USEOPT_FALSE;0.6.1;PROVER;2015-04-26;1000;false;
BASE/4pttc;PALAMEDES_GAME_SIMULATOR_USEOPT_FALSE;0.6.1;PROVER;2015-04-26;1000;false;
BASE/dotsAndBoxes;PALAMEDES_GAME_SIMULATOR_USEOPT_FALSE;0.6.1;PROVER;2015-04-26;32;true;Legal move mismatch for role xPlayer    Reference engine value: [noop]    Tested engine value:    [( draw 5 3 5 4 ), ( draw 6 4 6 5 ), ( draw 5 5 5 6 ), ( draw 5 1 6 1 ), ( draw 1 1 1 2 ), ( draw 1 5 1 6 ), ( draw 4 5 5 5 ), ( draw 2 2 2 3 ), ( draw 3 5 3 6 ), ( draw 1 3 2 3 ), ( draw 1 3 1 4 ), ( draw 3 3 3 4 ), ( draw 2 1 3 1 ), ( draw 3 4 4 4 ), ( draw 4 1 4 2 ), ( draw 5 4 5 5 ), ( draw 3 2 4 2 ), ( draw 4 1 5 1 ), ( draw 1 2 2 2 ), ( draw 5 1 5 2 ), ( draw 4 2 5 2 ), ( draw 2 5 3 5 ), ( draw 2 4 2 5 ), ( draw 1 1 2 1 ), ( draw 2 2 3 2 ), ( draw 3 6 4 6 ), ( draw 6 1 6 2 ), ( draw 1 4 2 4 )]    Move history: [[( draw 4 5 4 6 ), noop], [noop, ( draw 3 1 4 1 )], [( draw 2 3 2 4 ), noop], [noop, ( draw 6 5 6 6 )], [( draw 2 4 3 4 ), noop], [noop, ( draw 3 1 3 2 )], [( draw 2 1 2 2 ), noop], [noop, ( draw 4 4 5 4 )], [( draw 4 3 4 4 ), noop], [noop, ( draw 5 4 6 4 )], [( draw 1 2 1 3 ), noop], [noop, ( draw 3 4 3 5 )], [( draw 2 6 3 6 ), noop], [noop, ( draw 6 2 6 3 )], [( draw 3 2 3 3 ), noop], [noop, ( draw 4 3 5 3 )], [( draw 5 6 6 6 ), noop], [noop, ( draw 4 2 4 3 )], [( draw 5 2 5 3 ), noop], [noop, ( draw 2 5 2 6 )], [( draw 1 6 2 6 ), noop], [noop, ( draw 1 5 2 5 )], [( draw 4 4 4 5 ), noop], [noop, ( draw 5 5 6 5 )], [( draw 6 3 6 4 ), noop], [noop, ( draw 3 3 4 3 )], [( draw 5 3 6 3 ), noop], [noop, ( draw 1 4 1 5 )], [( draw 2 3 3 3 ), noop], [noop, ( draw 3 5 4 5 )], [( draw 4 6 5 6 ), noop], [noop, ( draw 5 2 6 2 )]]
DRESDEN/tpeg;PALAMEDES_GAME_SIMULATOR_USEOPT_FALSE;0.6.1;PROVER;2015-04-26;1000;false;
DRESDEN/Travelers-Dilemma;PALAMEDES_GAME_SIMULATOR_USEOPT_FALSE;0.6.1;PROVER;2015-04-26;1000;false;
DRESDEN/3qbf-5cnf-20var-40cl.1.qdimacs.viz.SAT;PALAMEDES_GAME_SIMULATOR_USEOPT_FALSE;0.6.1;PROVER;2015-04-26;1000;false;
BASE/factoringGeorgeForman;PALAMEDES_GAME_SIMULATOR_USEOPT_FALSE;0.6.1;PROVER;2015-04-26;1000;false;
BASE/connectFour;PALAMEDES_GAME_SIMULATOR_USEOPT_FALSE;0.6.1;PROVER;2015-04-26;1000;false;
DRESDEN/grid_game2;PALAMEDES_GAME_SIMULATOR_USEOPT_FALSE;0.6.1;PROVER;2015-04-26;1000;false;
DRESDEN/snake_2008;PALAMEDES_GAME_SIMULATOR_USEOPT_FALSE;0.6.1;PROVER;2015-04-26;1000;false;
STANFORD/threepuzzle;PALAMEDES_GAME_SIMULATOR_USEOPT_FALSE;0.6.1;PROVER;2015-04-26;1000;false;
BASE/quad_7x7;PALAMEDES_GAME_SIMULATOR_USEOPT_FALSE;0.6.1;PROVER;2015-04-26;0;true;java.lang.OutOfMemoryError: GC overhead limit exceeded
BASE/biddingTicTacToe_10coins;PALAMEDES_GAME_SIMULATOR_USEOPT_FALSE;0.6.1;PROVER;2015-04-26;1000;false;
DRESDEN/tictactoe_3d_2player;PALAMEDES_GAME_SIMULATOR_USEOPT_FALSE;0.6.1;PROVER;2015-04-26;1000;false;
DRESDEN/connectfoursuicide;PALAMEDES_GAME_SIMULATOR_USEOPT_FALSE;0.6.1;PROVER;2015-04-26;1000;false;
BASE/ticTacToeNoVars;PALAMEDES_GAME_SIMULATOR_USEOPT_FALSE;0.6.1;PROVER;2015-04-26;1000;false;
DRESDEN/quad_5x5;PALAMEDES_GAME_SIMULATOR_USEOPT_FALSE;0.6.1;PROVER;2015-04-26;0;true;java.lang.RuntimeException: java.lang.InterruptedException
DRESDEN/knightazons;PALAMEDES_GAME_SIMULATOR_USEOPT_FALSE;0.6.1;PROVER;2015-04-26;1000;false;
STANFORD/hex;PALAMEDES_GAME_SIMULATOR_USEOPT_FALSE;0.6.1;PROVER;2015-04-26;1000;false;
BASE/knightsTourLarge;PALAMEDES_GAME_SIMULATOR_USEOPT_FALSE;0.6.1;PROVER;2015-04-26;1000;false;
BASE/lightsOnSimultaneous;PALAMEDES_GAME_SIMULATOR_USEOPT_FALSE;0.6.1;PROVER;2015-04-26;1000;false;
DRESDEN/3pttc;PALAMEDES_GAME_SIMULATOR_USEOPT_FALSE;0.6.1;PROVER;2015-04-26;1000;false;
BASE/battle;PALAMEDES_GAME_SIMULATOR_USEOPT_FALSE;0.6.1;PROVER;2015-04-26;0;true;java.lang.RuntimeException: java.lang.InterruptedException
BASE/alexChess;PALAMEDES_GAME_SIMULATOR_USEOPT_FALSE;0.6.1;PROVER;2015-04-26;0;true;java.lang.RuntimeException: java.lang.InterruptedException
BASE/chickentictactoe;PALAMEDES_GAME_SIMULATOR_USEOPT_FALSE;0.6.1;PROVER;2015-04-26;1000;false;
DRESDEN/blockerparallel;PALAMEDES_GAME_SIMULATOR_USEOPT_FALSE;0.6.1;PROVER;2015-04-26;1000;false;
DRESDEN/snake_2009;PALAMEDES_GAME_SIMULATOR_USEOPT_FALSE;0.6.1;PROVER;2015-04-26;1000;false;
DRESDEN/coins;PALAMEDES_GAME_SIMULATOR_USEOPT_FALSE;0.6.1;PROVER;2015-04-26;1000;false;
DRESDEN/golden_rectangle;PALAMEDES_GAME_SIMULATOR_USEOPT_FALSE;0.6.1;PROVER;2015-04-26;0;true;java.lang.RuntimeException: java.lang.InterruptedException
BASE/checkers-newgoals;PALAMEDES_GAME_SIMULATOR_USEOPT_FALSE;0.6.1;PROVER;2015-04-26;1000;false;
STANFORD/buttonsandlights;PALAMEDES_GAME_SIMULATOR_USEOPT_FALSE;0.6.1;PROVER;2015-04-26;1000;false;
BASE/quartoSuicide;PALAMEDES_GAME_SIMULATOR_USEOPT_FALSE;0.6.1;PROVER;2015-04-26;1000;false;
DRESDEN/roshambo2;PALAMEDES_GAME_SIMULATOR_USEOPT_FALSE;0.6.1;PROVER;2015-04-26;1000;false;
DRESDEN/Goldrush;PALAMEDES_GAME_SIMULATOR_USEOPT_FALSE;0.6.1;PROVER;2015-04-26;1000;false;
DRESDEN/sat_test_20v_91c_visualisation;PALAMEDES_GAME_SIMULATOR_USEOPT_FALSE;0.6.1;PROVER;2015-04-26;1000;false;
STANFORD/8puzzle;PALAMEDES_GAME_SIMULATOR_USEOPT_FALSE;0.6.1;PROVER;2015-04-26;1000;false;
DRESDEN/mimikry;PALAMEDES_GAME_SIMULATOR_USEOPT_FALSE;0.6.1;PROVER;2015-04-26;1000;false;
DRESDEN/point_grab;PALAMEDES_GAME_SIMULATOR_USEOPT_FALSE;0.6.1;PROVER;2015-04-26;1000;false;
BASE/breakthroughSmallHoles;PALAMEDES_GAME_SIMULATOR_USEOPT_FALSE;0.6.1;PROVER;2015-04-26;1000;false;
DRESDEN/circlesolitaire;PALAMEDES_GAME_SIMULATOR_USEOPT_FALSE;0.6.1;PROVER;2015-04-26;1000;false;
BASE/knightwar;PALAMEDES_GAME_SIMULATOR_USEOPT_FALSE;0.6.1;PROVER;2015-04-26;1000;false;
BASE/sudokuGrade6H;PALAMEDES_GAME_SIMULATOR_USEOPT_FALSE;0.6.1;PROVER;2015-04-26;0;true;java.lang.RuntimeException: java.lang.IllegalStateException: Expected a LegalMovesMessage, but was a 
BASE/maze;PALAMEDES_GAME_SIMULATOR_USEOPT_FALSE;0.6.1;PROVER;2015-04-26;1000;false;
BASE/blokbox_simple;PALAMEDES_GAME_SIMULATOR_USEOPT_FALSE;0.6.1;PROVER;2015-04-26;0;true;java.lang.RuntimeException: java.lang.InterruptedException
DRESDEN/chinesecheckers6-simultaneous;PALAMEDES_GAME_SIMULATOR_USEOPT_FALSE;0.6.1;PROVER;2015-04-26;1000;false;
DRESDEN/cubicup;PALAMEDES_GAME_SIMULATOR_USEOPT_FALSE;0.6.1;PROVER;2015-04-26;1000;false;
DRESDEN/CatchMeIfYouCanTest;PALAMEDES_GAME_SIMULATOR_USEOPT_FALSE;0.6.1;PROVER;2015-04-26;1000;false;
DRESDEN/3qbf-5cnf-20var-40cl.2.qdimacs.SAT;PALAMEDES_GAME_SIMULATOR_USEOPT_FALSE;0.6.1;PROVER;2015-04-26;1000;false;
DRESDEN/battlesnakes2011;PALAMEDES_GAME_SIMULATOR_USEOPT_FALSE;0.6.1;PROVER;2015-04-26;1000;false;
DRESDEN/CephalopodMicro;PALAMEDES_GAME_SIMULATOR_USEOPT_FALSE;0.6.1;PROVER;2015-04-26;0;true;java.lang.RuntimeException: java.lang.InterruptedException
DRESDEN/uf20-020.cnf.SAT;PALAMEDES_GAME_SIMULATOR_USEOPT_FALSE;0.6.1;PROVER;2015-04-26;1000;false;
DRESDEN/knightstour;PALAMEDES_GAME_SIMULATOR_USEOPT_FALSE;0.6.1;PROVER;2015-04-26;1000;false;
DRESDEN/lightsout;PALAMEDES_GAME_SIMULATOR_USEOPT_FALSE;0.6.1;PROVER;2015-04-26;1000;false;
BASE/catcha_mouse;PALAMEDES_GAME_SIMULATOR_USEOPT_FALSE;0.6.1;PROVER;2015-04-26;1000;false;
BASE/ttcc4_2player;PALAMEDES_GAME_SIMULATOR_USEOPT_FALSE;0.6.1;PROVER;2015-04-26;1000;false;
BASE/cittaceot;PALAMEDES_GAME_SIMULATOR_USEOPT_FALSE;0.6.1;PROVER;2015-04-26;1000;false;
DRESDEN/slidingpieces;PALAMEDES_GAME_SIMULATOR_USEOPT_FALSE;0.6.1;PROVER;2015-04-26;1000;false;
BASE/reversi;PALAMEDES_GAME_SIMULATOR_USEOPT_FALSE;0.6.1;PROVER;2015-04-26;0;true;java.lang.RuntimeException: java.lang.InterruptedException
DRESDEN/SC_TestOnly_enabled;PALAMEDES_GAME_SIMULATOR_USEOPT_FALSE;0.6.1;PROVER;2015-04-26;126;true;Goal values mismatch    Reference engine value: [0, 20]    Tested engine value:    [0, 10]    Move history: [[( move 1 2 ), ( move 7 6 )], [( move 1 3 ), ( move 7 5 )], [( move 1 2 ), ( move 6 5 )], [( move 2 2 ), ( move 5 5 )], [( move 2 1 ), ( move 5 4 )], [( move 1 1 ), ( move 4 4 )], [( move 1 2 ), ( move 4 3 )], [( move 2 2 ), ( move 4 4 )], [( move 2 3 ), ( move 5 4 )]]
STANFORD/triplesukoshi;PALAMEDES_GAME_SIMULATOR_USEOPT_FALSE;0.6.1;PROVER;2015-04-26;1000;false;
STANFORD/eightpuzzle;PALAMEDES_GAME_SIMULATOR_USEOPT_FALSE;0.6.1;PROVER;2015-04-26;1000;false;
DRESDEN/checkers-mustjump-torus;PALAMEDES_GAME_SIMULATOR_USEOPT_FALSE;0.6.1;PROVER;2015-04-26;0;true;java.lang.RuntimeException: java.lang.InterruptedException
BASE/pegEuro;PALAMEDES_GAME_SIMULATOR_USEOPT_FALSE;0.6.1;PROVER;2015-04-26;1000;false;
DRESDEN/pacman3p;PALAMEDES_GAME_SIMULATOR_USEOPT_FALSE;0.6.1;PROVER;2015-04-26;1000;false;
BASE/nim4;PALAMEDES_GAME_SIMULATOR_USEOPT_FALSE;0.6.1;PROVER;2015-04-26;1000;false;
BASE/queens;PALAMEDES_GAME_SIMULATOR_USEOPT_FALSE;0.6.1;PROVER;2015-04-26;0;true;java.lang.RuntimeException: java.lang.InterruptedException
DRESDEN/tictactoe_3d_small_6player;PALAMEDES_GAME_SIMULATOR_USEOPT_FALSE;0.6.1;PROVER;2015-04-26;1000;false;
DRESDEN/blocks2player;PALAMEDES_GAME_SIMULATOR_USEOPT_FALSE;0.6.1;PROVER;2015-04-26;1000;false;
BASE/blocksWorld;PALAMEDES_GAME_SIMULATOR_USEOPT_FALSE;0.6.1;PROVER;2015-04-26;1000;false;
DRESDEN/latenttictactoe;PALAMEDES_GAME_SIMULATOR_USEOPT_FALSE;0.6.1;PROVER;2015-04-26;1000;false;
BASE/blocks;PALAMEDES_GAME_SIMULATOR_USEOPT_FALSE;0.6.1;PROVER;2015-04-26;1000;false;
DRESDEN/guess;PALAMEDES_GAME_SIMULATOR_USEOPT_FALSE;0.6.1;PROVER;2015-04-26;0;true;java.lang.RuntimeException: java.lang.InterruptedException
DRESDEN/sheep_and_wolf;PALAMEDES_GAME_SIMULATOR_USEOPT_FALSE;0.6.1;PROVER;2015-04-26;1000;false;
DRESDEN/smallest_4player;PALAMEDES_GAME_SIMULATOR_USEOPT_FALSE;0.6.1;PROVER;2015-04-26;1000;false;
STANFORD/freeforall;PALAMEDES_GAME_SIMULATOR_USEOPT_FALSE;0.6.1;PROVER;2015-04-26;1000;false;
BASE/max_knights;PALAMEDES_GAME_SIMULATOR_USEOPT_FALSE;0.6.1;PROVER;2015-04-26;1000;false;
BASE/asteroidsParallel;PALAMEDES_GAME_SIMULATOR_USEOPT_FALSE;0.6.1;PROVER;2015-04-26;1000;false;
DRESDEN/connectfour;PALAMEDES_GAME_SIMULATOR_USEOPT_FALSE;0.6.1;PROVER;2015-04-26;1000;false;
DRESDEN/cube_2x2x2;PALAMEDES_GAME_SIMULATOR_USEOPT_FALSE;0.6.1;PROVER;2015-04-26;1000;false;
DRESDEN/mummymaze1p;PALAMEDES_GAME_SIMULATOR_USEOPT_FALSE;0.6.1;PROVER;2015-04-26;1000;false;
BASE/dualConnect4;PALAMEDES_GAME_SIMULATOR_USEOPT_FALSE;0.6.1;PROVER;2015-04-26;1000;false;
BASE/pawnWhopping;PALAMEDES_GAME_SIMULATOR_USEOPT_FALSE;0.6.1;PROVER;2015-04-26;1000;false;
DRESDEN/hanoi7_bugfix;PALAMEDES_GAME_SIMULATOR_USEOPT_FALSE;0.6.1;PROVER;2015-04-26;1000;false;
BASE/checkersTorus;PALAMEDES_GAME_SIMULATOR_USEOPT_FALSE;0.6.1;PROVER;2015-04-26;1000;false;
BASE/nim3;PALAMEDES_GAME_SIMULATOR_USEOPT_FALSE;0.6.1;PROVER;2015-04-26;1000;false;
DRESDEN/minichess;PALAMEDES_GAME_SIMULATOR_USEOPT_FALSE;0.6.1;PROVER;2015-04-26;1000;false;
DRESDEN/tttcc4;PALAMEDES_GAME_SIMULATOR_USEOPT_FALSE;0.6.1;PROVER;2015-04-26;1000;false;
DRESDEN/uf20-010.cnf.SAT;PALAMEDES_GAME_SIMULATOR_USEOPT_FALSE;0.6.1;PROVER;2015-04-26;1000;false;
DRESDEN/2player_normal_form_2010;PALAMEDES_GAME_SIMULATOR_USEOPT_FALSE;0.6.1;PROVER;2015-04-26;1000;false;
BASE/withConviction;PALAMEDES_GAME_SIMULATOR_USEOPT_FALSE;0.6.1;PROVER;2015-04-26;1000;false;
BASE/cephalopodMicro;PALAMEDES_GAME_SIMULATOR_USEOPT_FALSE;0.6.1;PROVER;2015-04-26;0;true;java.lang.RuntimeException: java.lang.InterruptedException
STANFORD/duikoshi;PALAMEDES_GAME_SIMULATOR_USEOPT_FALSE;0.6.1;PROVER;2015-04-26;1000;false;
BASE/skirmishZeroSum;PALAMEDES_GAME_SIMULATOR_USEOPT_FALSE;0.6.1;PROVER;2015-04-26;1000;false;
BASE/blocker;PALAMEDES_GAME_SIMULATOR_USEOPT_FALSE;0.6.1;PROVER;2015-04-26;1000;false;
DRESDEN/hanoi7;PALAMEDES_GAME_SIMULATOR_USEOPT_FALSE;0.6.1;PROVER;2015-04-26;1000;false;
BASE/sudokuGrade6E;PALAMEDES_GAME_SIMULATOR_USEOPT_FALSE;0.6.1;PROVER;2015-04-26;0;true;java.lang.RuntimeException: java.lang.InterruptedException
DRESDEN/pawn_whopping;PALAMEDES_GAME_SIMULATOR_USEOPT_FALSE;0.6.1;PROVER;2015-04-26;1000;false;
BASE/troublemaker02;PALAMEDES_GAME_SIMULATOR_USEOPT_FALSE;0.6.1;PROVER;2015-04-26;1000;false;
BASE/nim2;PALAMEDES_GAME_SIMULATOR_USEOPT_FALSE;0.6.1;PROVER;2015-04-26;1000;false;
DRESDEN/sum15;PALAMEDES_GAME_SIMULATOR_USEOPT_FALSE;0.6.1;PROVER;2015-04-26;1000;false;
STANFORD/chinook;PALAMEDES_GAME_SIMULATOR_USEOPT_FALSE;0.6.1;PROVER;2015-04-26;1000;false;
STANFORD/tictactoe;PALAMEDES_GAME_SIMULATOR_USEOPT_FALSE;0.6.1;PROVER;2015-04-26;1000;false;
BASE/knightfight;PALAMEDES_GAME_SIMULATOR_USEOPT_FALSE;0.6.1;PROVER;2015-04-26;1000;false;
STANFORD/skirmish;PALAMEDES_GAME_SIMULATOR_USEOPT_FALSE;0.6.1;PROVER;2015-04-26;1000;false;
DRESDEN/eotcatcit;PALAMEDES_GAME_SIMULATOR_USEOPT_FALSE;0.6.1;PROVER;2015-04-26;1000;false;
BASE/2pttc;PALAMEDES_GAME_SIMULATOR_USEOPT_FALSE;0.6.1;PROVER;2015-04-26;1000;false;
BASE/amazons_10x10;PALAMEDES_GAME_SIMULATOR_USEOPT_FALSE;0.6.1;PROVER;2015-04-26;1000;false;
BASE/checkersBarrelNoKings;PALAMEDES_GAME_SIMULATOR_USEOPT_FALSE;0.6.1;PROVER;2015-04-26;1000;false;
BASE/ruleDepthExponential;PALAMEDES_GAME_SIMULATOR_USEOPT_FALSE;0.6.1;PROVER;2015-04-26;1000;false;
DRESDEN/gt_prisoner;PALAMEDES_GAME_SIMULATOR_USEOPT_FALSE;0.6.1;PROVER;2015-04-26;1000;false;
BASE/amazonsTorus;PALAMEDES_GAME_SIMULATOR_USEOPT_FALSE;0.6.1;PROVER;2015-04-26;0;true;java.lang.RuntimeException: java.lang.InterruptedException
DRESDEN/ggp-course2013_jordi;PALAMEDES_GAME_SIMULATOR_USEOPT_FALSE;0.6.1;PROVER;2015-04-26;1000;false;
DRESDEN/mummymaze2p;PALAMEDES_GAME_SIMULATOR_USEOPT_FALSE;0.6.1;PROVER;2015-04-26;1000;false;
STANFORD/platformjumpers;PALAMEDES_GAME_SIMULATOR_USEOPT_FALSE;0.6.1;PROVER;2015-04-26;1000;false;
BASE/snakeAssemblit;PALAMEDES_GAME_SIMULATOR_USEOPT_FALSE;0.6.1;PROVER;2015-04-26;1000;false;
BASE/brawl;PALAMEDES_GAME_SIMULATOR_USEOPT_FALSE;0.6.1;PROVER;2015-04-26;1000;false;
BASE/bomberman2p;PALAMEDES_GAME_SIMULATOR_USEOPT_FALSE;0.6.1;PROVER;2015-04-26;1000;false;
BASE/ttcc4;PALAMEDES_GAME_SIMULATOR_USEOPT_FALSE;0.6.1;PROVER;2015-04-26;1000;false;
DRESDEN/hitori;PALAMEDES_GAME_SIMULATOR_USEOPT_FALSE;0.6.1;PROVER;2015-04-26;0;true;java.lang.RuntimeException: java.lang.InterruptedException
STANFORD/alquerquezero;PALAMEDES_GAME_SIMULATOR_USEOPT_FALSE;0.6.1;PROVER;2015-04-26;1000;false;
BASE/hanoi;PALAMEDES_GAME_SIMULATOR_USEOPT_FALSE;0.6.1;PROVER;2015-04-26;1000;false;
DRESDEN/pancakes6;PALAMEDES_GAME_SIMULATOR_USEOPT_FALSE;0.6.1;PROVER;2015-04-26;1000;false;
BASE/choicethroughalt;PALAMEDES_GAME_SIMULATOR_USEOPT_FALSE;0.6.1;PROVER;2015-04-26;1000;false;
BASE/double_tictactoe_dengji;PALAMEDES_GAME_SIMULATOR_USEOPT_FALSE;0.6.1;PROVER;2015-04-26;1000;false;
BASE/nim1;PALAMEDES_GAME_SIMULATOR_USEOPT_FALSE;0.6.1;PROVER;2015-04-26;1000;false;
BASE/conn4;PALAMEDES_GAME_SIMULATOR_USEOPT_FALSE;0.6.1;PROVER;2015-04-26;1000;false;
BASE/amazons;PALAMEDES_GAME_SIMULATOR_USEOPT_FALSE;0.6.1;PROVER;2015-04-26;0;true;java.lang.RuntimeException: java.lang.InterruptedException
DRESDEN/god;PALAMEDES_GAME_SIMULATOR_USEOPT_FALSE;0.6.1;PROVER;2015-04-26;0;true;java.lang.RuntimeException: java.lang.InterruptedException
