STANFORD/freeforall;PALAMEDES_JOCULAR;0.6.1;true;;30000;21980;732
BASE/duplicateStateLarge;PALAMEDES_JOCULAR;0.6.1;true;;30000;150841;10774
BASE/checkersTorus;PALAMEDES_JOCULAR;0.6.1;true;;30004;10827;190
DRESDEN/racer4;PALAMEDES_JOCULAR;0.6.1;true;;30106;193;6
DRESDEN/amazons;PALAMEDES_JOCULAR;0.6.1;false;Exception of type NullPointerException;0;0;0
DRESDEN/uf20-020.cnf.SAT.satlike;PALAMEDES_JOCULAR;0.6.1;true;;33454;340;17
BASE/gt_centipede;PALAMEDES_JOCULAR;0.6.1;true;;30000;146474241;73245580
DRESDEN/skirmish2;PALAMEDES_JOCULAR;0.6.1;true;;30002;4372;109
BASE/point_grab;PALAMEDES_JOCULAR;0.6.1;true;;30024;346403;11546
STANFORD/multiplesukoshi;PALAMEDES_JOCULAR;0.6.1;true;;30000;13060;282
BASE/wallmaze;PALAMEDES_JOCULAR;0.6.1;true;;30000;42488;1465
BASE/firefighter;PALAMEDES_JOCULAR;0.6.1;true;;30015;267083;6047
BASE/knightsTour;PALAMEDES_JOCULAR;0.6.1;true;;30000;1466012;301400
DRESDEN/Runners;PALAMEDES_JOCULAR;0.6.1;true;;30000;322358;6579
BASE/bomberman2p;PALAMEDES_JOCULAR;0.6.1;true;;30000;108262;13884
STANFORD/tictactoe3;PALAMEDES_JOCULAR;0.6.1;true;;30000;152110359;57041435
DRESDEN/towerworld;PALAMEDES_JOCULAR;0.6.1;true;;30000;1054;2
STANFORD/ttcc4;PALAMEDES_JOCULAR;0.6.1;false;Exception of type NullPointerException;0;0;0
DRESDEN/toetictac;PALAMEDES_JOCULAR;0.6.1;true;;30000;526282;68987
BASE/checkersTiny;PALAMEDES_JOCULAR;0.6.1;true;;30003;4942;75
STANFORD/untwistycomplex;PALAMEDES_JOCULAR;0.6.1;false;Exception of type NullPointerException;0;0;0
BASE/hitori;PALAMEDES_JOCULAR;0.6.1;true;;30012;1434;15
BASE/blocksWorldParallel;PALAMEDES_JOCULAR;0.6.1;true;;30000;98227895;32742631
BASE/blocker;PALAMEDES_JOCULAR;0.6.1;true;;30000;237278;30104
BASE/chineseCheckers4;PALAMEDES_JOCULAR;0.6.1;true;;30000;41162;713
DRESDEN/skirmish3;PALAMEDES_JOCULAR;0.6.1;true;;30002;5365;134
DRESDEN/uf20-010.cnf.SAT.satlike;PALAMEDES_JOCULAR;0.6.1;true;;33067;280;14
BASE/ttcc4;PALAMEDES_JOCULAR;0.6.1;false;Exception of type NullPointerException;0;0;0
BASE/breakthroughSmall;PALAMEDES_JOCULAR;0.6.1;false;Exception of type NullPointerException;0;0;0
BASE/tpeg;PALAMEDES_JOCULAR;0.6.1;true;;30002;12394;1021
BASE/numbertictactoe;PALAMEDES_JOCULAR;0.6.1;true;;30000;122337;15196
DRESDEN/pancakes6;PALAMEDES_JOCULAR;0.6.1;true;;30033;487545;12294
DRESDEN/racer;PALAMEDES_JOCULAR;0.6.1;true;;30265;41;3
BASE/doubletictactoe;PALAMEDES_JOCULAR;0.6.1;true;;30000;76461;9158
BASE/gt_coordination;PALAMEDES_JOCULAR;0.6.1;true;;30000;465333;0
DRESDEN/oisters_farm;PALAMEDES_JOCULAR;0.6.1;true;;30008;402238;8210
BASE/ruleDepthLinear;PALAMEDES_JOCULAR;0.6.1;false;Exception of type NullPointerException;0;0;0
BASE/colonelBlottoVariant;PALAMEDES_JOCULAR;0.6.1;false;IllegalArgumentException: bound must be positive;0;0;0
DRESDEN/mummymaze2p;PALAMEDES_JOCULAR;0.6.1;true;;30000;60212;1225
BASE/mummymaze1p;PALAMEDES_JOCULAR;0.6.1;true;;30001;30267;5349
BASE/quarto;PALAMEDES_JOCULAR;0.6.1;true;;30000;58520;2525
DRESDEN/crisscross;PALAMEDES_JOCULAR;0.6.1;true;;30000;41778;1613
DRESDEN/cube_2x2x2;PALAMEDES_JOCULAR;0.6.1;true;;30000;113096;9428
DRESDEN/vacuumcleaner_obstacles_1;PALAMEDES_JOCULAR;0.6.1;true;;30000;270353;45095
BASE/snake_2008;PALAMEDES_JOCULAR;0.6.1;true;;30000;150201;9450
DRESDEN/sat_test_20v_91c;PALAMEDES_JOCULAR;0.6.1;true;;30000;84640;4232
BASE/hexPie;PALAMEDES_JOCULAR;0.6.1;true;;30003;15145;214
BASE/tictactoe2;PALAMEDES_JOCULAR;0.6.1;true;;30000;354690;46539
BASE/beatMania;PALAMEDES_JOCULAR;0.6.1;true;;30000;286824;4780
DRESDEN/javastrike;PALAMEDES_JOCULAR;0.6.1;true;;30001;6297;13
DRESDEN/othello-cornercontrol;PALAMEDES_JOCULAR;0.6.1;true;;30487;100;2
DRESDEN/eotcatcit;PALAMEDES_JOCULAR;0.6.1;true;;30026;349959;45965
DRESDEN/catcha_mouse;PALAMEDES_JOCULAR;0.6.1;false;Exception of type NullPointerException;0;0;0
BASE/peg;PALAMEDES_JOCULAR;0.6.1;true;;30001;9497;394
BASE/merrills;PALAMEDES_JOCULAR;0.6.1;true;;30604;240;4
DRESDEN/ggp-course2013_jordi;PALAMEDES_JOCULAR;0.6.1;true;;30000;3204;99
STANFORD/tictactoe5;PALAMEDES_JOCULAR;0.6.1;true;;30000;133678820;36792547
BASE/coins;PALAMEDES_JOCULAR;0.6.1;true;;30000;101308752;40524784
DRESDEN/fizzbuzz;PALAMEDES_JOCULAR;0.6.1;true;;30031;834;27
BASE/hodgepodge;PALAMEDES_JOCULAR;0.6.1;true;;30000;112985701;112985701
BASE/chineseCheckers6;PALAMEDES_JOCULAR;0.6.1;true;;30000;63540;1059
BASE/snake_2009;PALAMEDES_JOCULAR;0.6.1;true;;30000;133134;8259
BASE/lightsOnParallel;PALAMEDES_JOCULAR;0.6.1;true;;30000;262063;13227
DRESDEN/4pttc;PALAMEDES_JOCULAR;0.6.1;true;;30000;40791;1292
BASE/pancakes88;PALAMEDES_JOCULAR;0.6.1;true;;30000;420517;10514
BASE/ticTacHeavenFC;PALAMEDES_JOCULAR;0.6.1;true;;30000;13237;480
DRESDEN/backgammon;PALAMEDES_JOCULAR;0.6.1;false;Exception of type NullPointerException;0;0;0
BASE/minichess;PALAMEDES_JOCULAR;0.6.1;true;;30000;98507196;32835732
BASE/incredible;PALAMEDES_JOCULAR;0.6.1;true;;30000;214183;11272
BASE/sum15;PALAMEDES_JOCULAR;0.6.1;true;;30000;412095;54094
BASE/pancakes6;PALAMEDES_JOCULAR;0.6.1;true;;30000;487516;12288
STANFORD/hex;PALAMEDES_JOCULAR;0.6.1;true;;30000;17020;239
BASE/2pffa_zerosum;PALAMEDES_JOCULAR;0.6.1;true;;30000;23855;795
DRESDEN/statespacesmall;PALAMEDES_JOCULAR;0.6.1;true;;30000;143452198;35863049
BASE/pancakes;PALAMEDES_JOCULAR;0.6.1;true;;30049;489352;12336
BASE/lightsOnSimultaneous;PALAMEDES_JOCULAR;0.6.1;true;;30000;24719;1634
BASE/factoringMutuallyAssuredDestruction;PALAMEDES_JOCULAR;0.6.1;false;Exception of type NullPointerException;0;0;0
DRESDEN/blocksworldparallel;PALAMEDES_JOCULAR;0.6.1;true;;30000;107339610;35779870
BASE/bunk_t;PALAMEDES_JOCULAR;0.6.1;true;;30000;79741;9556
BASE/mummymaze2p;PALAMEDES_JOCULAR;0.6.1;true;;30000;59107;1202
BASE/chineseCheckers1;PALAMEDES_JOCULAR;0.6.1;true;;30000;156856;5517
DRESDEN/vacuumcleaner_obstacles_3;PALAMEDES_JOCULAR;0.6.1;true;;30510;1089;179
DRESDEN/mummymaze2p-comp2007;PALAMEDES_JOCULAR;0.6.1;false;Exception of type NullPointerException;0;0;0
BASE/circlesolitaire;PALAMEDES_JOCULAR;0.6.1;true;;30000;633918;61588
DRESDEN/hitori;PALAMEDES_JOCULAR;0.6.1;true;;30022;1399;15
BASE/haystack;PALAMEDES_JOCULAR;0.6.1;true;;30000;199086581;66363020
DRESDEN/breakthroughsuicide_v2;PALAMEDES_JOCULAR;0.6.1;false;Exception of type NullPointerException;0;0;0
DRESDEN/uf20-01.cnf.SAT;PALAMEDES_JOCULAR;0.6.1;true;;30000;95250;4762
DRESDEN/pancakes88;PALAMEDES_JOCULAR;0.6.1;true;;30000;421153;10529
DRESDEN/uf20-020.cnf.SAT;PALAMEDES_JOCULAR;0.6.1;true;;30000;91060;4553
BASE/laikLee_hex;PALAMEDES_JOCULAR;0.6.1;false;Test process timed out after 240 seconds;0;0;0
BASE/simultaneousWin2;PALAMEDES_JOCULAR;0.6.1;true;;30006;4060;69
BASE/pentago;PALAMEDES_JOCULAR;0.6.1;false;Exception of type NullPointerException;0;0;0
DRESDEN/tictactoeparallel;PALAMEDES_JOCULAR;0.6.1;true;;30000;68138;9863
DRESDEN/tictactoelarge;PALAMEDES_JOCULAR;0.6.1;true;;30000;143077;6037
DRESDEN/chinesecheckers6;PALAMEDES_JOCULAR;0.6.1;true;;30000;46436;787
DRESDEN/statespacelarge;PALAMEDES_JOCULAR;0.6.1;true;;30000;332442;23745
BASE/breakthroughWalls;PALAMEDES_JOCULAR;0.6.1;true;;30000;10209;164
DRESDEN/merrills;PALAMEDES_JOCULAR;0.6.1;true;;30247;240;4
DRESDEN/satlike_20v_91c_version2;PALAMEDES_JOCULAR;0.6.1;true;;32429;460;23
BASE/blokbox_simple;PALAMEDES_JOCULAR;0.6.1;true;;30471;11;0
DRESDEN/vacuumcleaner_obstacles_2;PALAMEDES_JOCULAR;0.6.1;true;;30000;165830;27548
STANFORD/bestbuttonsandlightsbig;PALAMEDES_JOCULAR;0.6.1;true;;30000;376817;62802
BASE/asteroidsSerial;PALAMEDES_JOCULAR;0.6.1;false;Exception of type NullPointerException;0;0;0
BASE/lightsOut;PALAMEDES_JOCULAR;0.6.1;true;;30000;66600;3330
DRESDEN/roshambo2;PALAMEDES_JOCULAR;0.6.1;true;;30020;450778;53012
BASE/3pConnectFour;PALAMEDES_JOCULAR;0.6.1;true;;30000;50802;1435
BASE/othelloHoles;PALAMEDES_JOCULAR;0.6.1;true;;30027;148;2
DRESDEN/vacuum_cleaner_1;PALAMEDES_JOCULAR;0.6.1;true;;30000;154314;25749
DRESDEN/vacuumcleaner_obstacles_5;PALAMEDES_JOCULAR;0.6.1;true;;30273;1827;327
BASE/tictactoe_3d_2player;PALAMEDES_JOCULAR;0.6.1;true;;30000;8397;237
BASE/sudoku;PALAMEDES_JOCULAR;0.6.1;true;;30004;4813;59
BASE/chineseCheckers3;PALAMEDES_JOCULAR;0.6.1;true;;30000;90152;1662
STANFORD/threepuzzle;PALAMEDES_JOCULAR;0.6.1;true;;30000;229519092;38253182
BASE/coins_atomic;PALAMEDES_JOCULAR;0.6.1;true;;30000;104352725;41741596
DRESDEN/capture_the_king;PALAMEDES_JOCULAR;0.6.1;false;Exception of type NullPointerException;0;0;0
BASE/smallest_4player;PALAMEDES_JOCULAR;0.6.1;true;;30000;26634;1132
DRESDEN/8puzzle;PALAMEDES_JOCULAR;0.6.1;true;;30000;218441;3640
BASE/queens08ug;PALAMEDES_JOCULAR;0.6.1;false;Test process timed out after 240 seconds;0;0;0
DRESDEN/aipsrovers01;PALAMEDES_JOCULAR;0.6.1;true;;30000;306904;10602
BASE/amazonsSuicide;PALAMEDES_JOCULAR;0.6.1;false;Exception of type NullPointerException;0;0;0
DRESDEN/frogs_and_toads;PALAMEDES_JOCULAR;0.6.1;true;;30000;43718;376
DRESDEN/3qbf-5cnf-20var-40cl.2.qdimacs.satlike;PALAMEDES_JOCULAR;0.6.1;true;;30000;92752;1587
DRESDEN/smallest_4player;PALAMEDES_JOCULAR;0.6.1;true;;30000;26310;1113
DRESDEN/sheep_and_wolf;PALAMEDES_JOCULAR;0.6.1;true;;30000;36249;894
BASE/mummyMaze2p_2007;PALAMEDES_JOCULAR;0.6.1;false;Exception of type NullPointerException;0;0;0
BASE/chineseCheckers2;PALAMEDES_JOCULAR;0.6.1;true;;30000;110090;2914
STANFORD/selectivesukoshi;PALAMEDES_JOCULAR;0.6.1;true;;45399;480;15
BASE/ticTacToeLargeSuicide;PALAMEDES_JOCULAR;0.6.1;true;;30000;136409;5747
DRESDEN/point_grab;PALAMEDES_JOCULAR;0.6.1;true;;30043;375916;12530
BASE/blocks2player;PALAMEDES_JOCULAR;0.6.1;true;;30000;466995;25944
BASE/slaughter;PALAMEDES_JOCULAR;0.6.1;false;Exception of type NullPointerException;0;0;0
BASE/cylinder-checkers;PALAMEDES_JOCULAR;0.6.1;true;;30010;1110;11
BASE/ttcc4_2player_alt;PALAMEDES_JOCULAR;0.6.1;false;Exception of type NullPointerException;0;0;0
DRESDEN/snake_2008;PALAMEDES_JOCULAR;0.6.1;true;;30000;145214;8996
BASE/cubicup_3player;PALAMEDES_JOCULAR;0.6.1;true;;30000;9311;110
BASE/pacman2p;PALAMEDES_JOCULAR;0.6.1;true;;30000;30341;571
DRESDEN/knightazons;PALAMEDES_JOCULAR;0.6.1;false;Exception of type NullPointerException;0;0;0
DRESDEN/coins;PALAMEDES_JOCULAR;0.6.1;true;;30000;102828774;41134265
DRESDEN/Travelers-Dilemma;PALAMEDES_JOCULAR;0.6.1;true;;30001;20564;2056
BASE/lightsOn;PALAMEDES_JOCULAR;0.6.1;true;;30000;541459;43349
DRESDEN/3qbf-5cnf-20var-40cl.1.qdimacs.viz.SAT;PALAMEDES_JOCULAR;0.6.1;true;;30000;99535;1712
DRESDEN/chomp;PALAMEDES_JOCULAR;0.6.1;true;;30001;51913;7332
DRESDEN/3qbf-5cnf-20var-40cl.1.qdimacs.SAT;PALAMEDES_JOCULAR;0.6.1;true;;30000;99300;1697
BASE/ad_game_2x2;PALAMEDES_JOCULAR;0.6.1;true;;58577;3;2
STANFORD/pentago;PALAMEDES_JOCULAR;0.6.1;true;;30000;14886;209
BASE/eotcatcit;PALAMEDES_JOCULAR;0.6.1;true;;30000;351881;46146
DRESDEN/snake_2009;PALAMEDES_JOCULAR;0.6.1;true;;30000;133869;8368
BASE/qyshinsu;PALAMEDES_JOCULAR;0.6.1;true;;30000;7793;338
BASE/untwistycomplex2;PALAMEDES_JOCULAR;0.6.1;true;;30000;1342752;191821
BASE/ghostMaze2p;PALAMEDES_JOCULAR;0.6.1;true;;30000;161160;3334
BASE/stateSpaceMedium;PALAMEDES_JOCULAR;0.6.1;true;;30000;333872;0
BASE/stateSpaceLarge;PALAMEDES_JOCULAR;0.6.1;true;;30000;326675;23333
DRESDEN/blockerparallel;PALAMEDES_JOCULAR;0.6.1;true;;30001;14503;2061
DRESDEN/3pttc;PALAMEDES_JOCULAR;0.6.1;true;;30000;59217;2026
BASE/crisscross;PALAMEDES_JOCULAR;0.6.1;true;;30000;39913;1537
STANFORD/breakthrough;PALAMEDES_JOCULAR;0.6.1;true;;30000;44026;681
BASE/asteroids;PALAMEDES_JOCULAR;0.6.1;false;Exception of type NullPointerException;0;0;0
BASE/snakeParallel;PALAMEDES_JOCULAR;0.6.1;false;Exception of type NullPointerException;0;0;0
BASE/ticTacToeParallel;PALAMEDES_JOCULAR;0.6.1;true;;30000;69946;10144
BASE/sheepAndWolf;PALAMEDES_JOCULAR;0.6.1;true;;30000;36768;891
BASE/othello-comp2007;PALAMEDES_JOCULAR;0.6.1;false;Exception of type NullPointerException;0;0;0
DRESDEN/grid_game2;PALAMEDES_JOCULAR;0.6.1;true;;30001;5710;116
BASE/tron_10x10;PALAMEDES_JOCULAR;0.6.1;true;;30005;643632;214416
DRESDEN/doubletictactoe;PALAMEDES_JOCULAR;0.6.1;true;;30000;82572;9907
DRESDEN/sum15;PALAMEDES_JOCULAR;0.6.1;true;;30000;409624;53671
DRESDEN/god;PALAMEDES_JOCULAR;0.6.1;true;;86984;30;1
BASE/pearls;PALAMEDES_JOCULAR;0.6.1;true;;30000;283078364;25734396
BASE/gt_two_thirds_4p;PALAMEDES_JOCULAR;0.6.1;false;IllegalArgumentException: bound must be positive;0;0;0
DRESDEN/2player_normal_form_2010;PALAMEDES_JOCULAR;0.6.1;true;;30000;75631850;75631850
BASE/amazons_8x8;PALAMEDES_JOCULAR;0.6.1;false;Exception of type NullPointerException;0;0;0
BASE/ticTacHeaven;PALAMEDES_JOCULAR;0.6.1;true;;30008;9368;409
BASE/slidingpieces;PALAMEDES_JOCULAR;0.6.1;true;;30004;6573;81
BASE/onestep;PALAMEDES_JOCULAR;0.6.1;true;;30000;112154276;112154276
STANFORD/tictactoe;PALAMEDES_JOCULAR;0.6.1;true;;30000;343321;44987
DRESDEN/racetrackcorridor;PALAMEDES_JOCULAR;0.6.1;true;;30000;59506;3360
DRESDEN/farmers;PALAMEDES_JOCULAR;0.6.1;true;;30001;2096;209
DRESDEN/pawn_whopping_corrected;PALAMEDES_JOCULAR;0.6.1;true;;30000;48179;1403
BASE/ticTacToe;PALAMEDES_JOCULAR;0.6.1;true;;30000;370537;48641
BASE/4pffa;PALAMEDES_JOCULAR;0.6.1;true;;30000;26717;667
BASE/pacman3p;PALAMEDES_JOCULAR;0.6.1;true;;30000;32108;665
DRESDEN/ghostmaze2p;PALAMEDES_JOCULAR;0.6.1;false;Exception of type NullPointerException;0;0;0
DRESDEN/hanoi7;PALAMEDES_JOCULAR;0.6.1;true;;30000;101311;797
BASE/checkersSmall;PALAMEDES_JOCULAR;0.6.1;true;;30001;2204;22
DRESDEN/chickentoetictac;PALAMEDES_JOCULAR;0.6.1;true;;30019;306682;43137
BASE/strangeSkirmish;PALAMEDES_JOCULAR;0.6.1;true;;30017;1022;10
BASE/checkers-cylinder-mustjump;PALAMEDES_JOCULAR;0.6.1;true;;30116;182;4
STANFORD/8puzzle;PALAMEDES_JOCULAR;0.6.1;true;;30012;215938;3598
BASE/skirmishHoles;PALAMEDES_JOCULAR;0.6.1;true;;30011;1215;12
BASE/minichess-evilconjuncts;PALAMEDES_JOCULAR;0.6.1;true;;30003;10737;1205
BASE/four_way_battle;PALAMEDES_JOCULAR;0.6.1;true;;30000;3017;93
BASE/doubletoetictac;PALAMEDES_JOCULAR;0.6.1;true;;30000;75371;9031
BASE/duplicateStateSmall;PALAMEDES_JOCULAR;0.6.1;true;;30000;136444856;34111214
DRESDEN/knightmove;PALAMEDES_JOCULAR;0.6.1;true;;30000;14817;425
BASE/dotsAndBoxesSuicide;PALAMEDES_JOCULAR;0.6.1;true;;30000;33028;550
BASE/racer4;PALAMEDES_JOCULAR;0.6.1;true;;30004;205;9
DRESDEN/checkers-suicide-cylinder-mustjump;PALAMEDES_JOCULAR;0.6.1;true;;30050;175;4
BASE/connectFourLarge;PALAMEDES_JOCULAR;0.6.1;true;;30000;56050;2124
BASE/tttcc4;PALAMEDES_JOCULAR;0.6.1;false;Exception of type NullPointerException;0;0;0
DRESDEN/slidingpieces;PALAMEDES_JOCULAR;0.6.1;true;;30002;6885;85
BASE/hex;PALAMEDES_JOCULAR;0.6.1;true;;30000;17245;243
BASE/englishDraughts;PALAMEDES_JOCULAR;0.6.1;true;;30000;18069;264
BASE/2pffa;PALAMEDES_JOCULAR;0.6.1;true;;30001;22829;760
STANFORD/chinook;PALAMEDES_JOCULAR;0.6.1;true;;30002;6680;167
DRESDEN/kitten_escapes_from_fire;PALAMEDES_JOCULAR;0.6.1;true;;30000;594527;71571
DRESDEN/checkers;PALAMEDES_JOCULAR;0.6.1;true;;30016;1573;15
BASE/racer;PALAMEDES_JOCULAR;0.6.1;true;;30301;48;2
DRESDEN/snake_2009_big;PALAMEDES_JOCULAR;0.6.1;true;;30000;76129;4219
DRESDEN/mummymaze1p;PALAMEDES_JOCULAR;0.6.1;true;;30001;27178;4681
BASE/ticblock;PALAMEDES_JOCULAR;0.6.1;true;;30000;51323;3123
BASE/speedChess;PALAMEDES_JOCULAR;0.6.1;true;;30000;3378;30
BASE/skirmishFinal1;PALAMEDES_JOCULAR;0.6.1;true;;30013;1783;30
BASE/knightmove;PALAMEDES_JOCULAR;0.6.1;true;;30000;14583;404
DRESDEN/guess;PALAMEDES_JOCULAR;0.6.1;true;;30058;527;64
STANFORD/duikoshi;PALAMEDES_JOCULAR;0.6.1;true;;30000;45285;3386
BASE/blobwars;PALAMEDES_JOCULAR;0.6.1;true;;30004;10496;262
DRESDEN/minichess;PALAMEDES_JOCULAR;0.6.1;true;;30000;86704;9809
DRESDEN/smallest;PALAMEDES_JOCULAR;0.6.1;true;;30008;4231;177
BASE/toetictac;PALAMEDES_JOCULAR;0.6.1;true;;30000;537259;70435
BASE/kalaha5x2x3;PALAMEDES_JOCULAR;0.6.1;true;;30000;137559;1399
DRESDEN/sat_test_20v_91c_visualisation;PALAMEDES_JOCULAR;0.6.1;true;;30000;88540;4427
STANFORD/alquerquezero;PALAMEDES_JOCULAR;0.6.1;true;;30001;6984;240
BASE/connectFourSuicide;PALAMEDES_JOCULAR;0.6.1;true;;30000;73998;3305
BASE/wargame01;PALAMEDES_JOCULAR;0.6.1;false;Exception of type NullPointerException;0;0;0
DRESDEN/tictactoe_3player;PALAMEDES_JOCULAR;0.6.1;true;;30000;66315;3264
BASE/wargame03;PALAMEDES_JOCULAR;0.6.1;false;Exception of type NullPointerException;0;0;0
DRESDEN/golden_rectangle;PALAMEDES_JOCULAR;0.6.1;true;;31741;5;0
BASE/checkers;PALAMEDES_JOCULAR;0.6.1;true;;30008;1419;14
DRESDEN/ticblock;PALAMEDES_JOCULAR;0.6.1;true;;30000;48752;2946
BASE/gt_two_thirds_6p;PALAMEDES_JOCULAR;0.6.1;false;IllegalArgumentException: bound must be positive;0;0;0
BASE/kitten_escapes_from_fire;PALAMEDES_JOCULAR;0.6.1;true;;30000;606440;72928
BASE/skirmishFinal3;PALAMEDES_JOCULAR;0.6.1;true;;30006;2193;37
BASE/snake_2009_big;PALAMEDES_JOCULAR;0.6.1;true;;30000;76732;4256
DRESDEN/quad_5x5_8_2;PALAMEDES_JOCULAR;0.6.1;true;;31862;240;14
BASE/tictactoe_3player;PALAMEDES_JOCULAR;0.6.1;true;;30000;67949;3350
BASE/breakthroughHoles;PALAMEDES_JOCULAR;0.6.1;true;;30002;10230;165
STANFORD/skirmish;PALAMEDES_JOCULAR;0.6.1;true;;30009;948;9
BASE/skirmishNew;PALAMEDES_JOCULAR;0.6.1;true;;30004;3247;32
BASE/hallway;PALAMEDES_JOCULAR;0.6.1;true;;30000;13204;440
BASE/wargame02;PALAMEDES_JOCULAR;0.6.1;false;Exception of type NullPointerException;0;0;0
DRESDEN/3qbf-5cnf-20var-40cl.2.qdimacs.SAT;PALAMEDES_JOCULAR;0.6.1;true;;30000;103659;1772
BASE/zhadu;PALAMEDES_JOCULAR;0.6.1;false;ClassCastException: stanfordlogic.prover.VariableFact cannot be cast to stanfordlogic.prover.GroundFact;0;0;0
BASE/tictactoe-init1;PALAMEDES_JOCULAR;0.6.1;true;;30000;143672837;41050750
BASE/quad_5x5;PALAMEDES_JOCULAR;0.6.1;true;;32088;188;14
BASE/3pttc;PALAMEDES_JOCULAR;0.6.1;true;;30000;28058;963
DRESDEN/catch_me;PALAMEDES_JOCULAR;0.6.1;true;;30000;196750;5791
DRESDEN/quad_5x5;PALAMEDES_JOCULAR;0.6.1;true;;30112;171;11
DRESDEN/CephalopodMicro;PALAMEDES_JOCULAR;0.6.1;true;;30002;393;8
DRESDEN/cubicup;PALAMEDES_JOCULAR;0.6.1;true;;30001;18066;322
BASE/nineBoardTicTacToePie;PALAMEDES_JOCULAR;0.6.1;true;;30000;32139;1118
DRESDEN/bidding-tictactoe;PALAMEDES_JOCULAR;0.6.1;false;IllegalArgumentException: bound must be positive;0;0;0
BASE/skirmishFinal2;PALAMEDES_JOCULAR;0.6.1;true;;30008;1838;31
BASE/connectFourLarger;PALAMEDES_JOCULAR;0.6.1;true;;30000;34737;1060
DRESDEN/Catch-Me-If-You-Can;PALAMEDES_JOCULAR;0.6.1;true;;30042;193877;5759
BASE/knightazons;PALAMEDES_JOCULAR;0.6.1;false;Exception of type NullPointerException;0;0;0
DRESDEN/tictictoe;PALAMEDES_JOCULAR;0.6.1;true;;30000;207648;41329
STANFORD/triplesukoshi;PALAMEDES_JOCULAR;0.6.1;true;;30000;23759;3394
DRESDEN/mimikry;PALAMEDES_JOCULAR;0.6.1;true;;30000;28567;1801
DRESDEN/hallway;PALAMEDES_JOCULAR;0.6.1;true;;30000;13037;434
BASE/lightsOnSimul4;PALAMEDES_JOCULAR;0.6.1;true;;30000;17999;2825
DRESDEN/tictactoe-init1;PALAMEDES_JOCULAR;0.6.1;true;;30000;141911046;40547331
BASE/golden_rectangle;PALAMEDES_JOCULAR;0.6.1;true;;30084;138;4
BASE/snake_2008_tweaked;PALAMEDES_JOCULAR;0.6.1;true;;30000;148461;9277
BASE/gt_dollar;PALAMEDES_JOCULAR;0.6.1;true;;30000;153554587;76780017
BASE/connectFourSimultaneous;PALAMEDES_JOCULAR;0.6.1;true;;30000;34379;1908
BASE/tictactoex9;PALAMEDES_JOCULAR;0.6.1;true;;30001;22461;772
BASE/stateSpaceSmall;PALAMEDES_JOCULAR;0.6.1;true;;30000;146564472;36641118
BASE/chickentoetictac;PALAMEDES_JOCULAR;0.6.1;true;;30000;301728;42421
BASE/amazons_10x10;PALAMEDES_JOCULAR;0.6.1;false;Exception of type NullPointerException;0;0;0
DRESDEN/vacuumcleaner_random_big;PALAMEDES_JOCULAR;0.6.1;true;;30000;27873;4683
BASE/futoshiki4;PALAMEDES_JOCULAR;0.6.1;true;;30000;29495;3189
BASE/withConviction;PALAMEDES_JOCULAR;0.6.1;true;;30000;44010;1760
BASE/gt_chicken;PALAMEDES_JOCULAR;0.6.1;true;;30000;254193;12709
BASE/checkLines;PALAMEDES_JOCULAR;0.6.1;true;;30000;73121;4744
BASE/biddingTicTacToe;PALAMEDES_JOCULAR;0.6.1;false;IllegalArgumentException: bound must be positive;0;0;0
DRESDEN/quartosuicide;PALAMEDES_JOCULAR;0.6.1;true;;30000;59050;2532
BASE/sudokuGrade1;PALAMEDES_JOCULAR;0.6.1;true;;30003;2415;68
STANFORD/platformjumpers;PALAMEDES_JOCULAR;0.6.1;true;;30003;11873;255
BASE/queens08lg;PALAMEDES_JOCULAR;0.6.1;false;Test process timed out after 240 seconds;0;0;0
BASE/chomp;PALAMEDES_JOCULAR;0.6.1;true;;30000;48483;6881
BASE/switches;PALAMEDES_JOCULAR;0.6.1;true;;30000;72250415;72250415
DRESDEN/chickentictactoe;PALAMEDES_JOCULAR;0.6.1;true;;30000;221845;31197
DRESDEN/minichess-evilconjuncts;PALAMEDES_JOCULAR;0.6.1;true;;30001;10654;1202
DRESDEN/doubletoetictac;PALAMEDES_JOCULAR;0.6.1;true;;30000;75106;9022
STANFORD/eightpuzzle;PALAMEDES_JOCULAR;0.6.1;true;;30000;206449;4128
BASE/colonelBlottoVariant2;PALAMEDES_JOCULAR;0.6.1;false;IllegalArgumentException: bound must be positive;0;0;0
BASE/double_tictactoe_dengji;PALAMEDES_JOCULAR;0.6.1;true;;30000;68346;4801
BASE/crossers3;PALAMEDES_JOCULAR;0.6.1;true;;30000;31461;2373
BASE/gt_staghunt;PALAMEDES_JOCULAR;0.6.1;true;;30000;291967;14598
BASE/twisty-passages;PALAMEDES_JOCULAR;0.6.1;true;;30000;59506;299
DRESDEN/pawn_whopping;PALAMEDES_JOCULAR;0.6.1;true;;30000;51255;1395
DRESDEN/knightthrough;PALAMEDES_JOCULAR;0.6.1;false;Exception of type NullPointerException;0;0;0
BASE/amazonsTorus;PALAMEDES_JOCULAR;0.6.1;false;Exception of type NullPointerException;0;0;0
DRESDEN/battle;PALAMEDES_JOCULAR;0.6.1;true;;30023;689;22
BASE/cubicup;PALAMEDES_JOCULAR;0.6.1;true;;30001;18191;324
BASE/racetrackcorridor;PALAMEDES_JOCULAR;0.6.1;true;;30000;37739;1891
DRESDEN/four_way_battle;PALAMEDES_JOCULAR;0.6.1;true;;30001;3026;98
BASE/god;PALAMEDES_JOCULAR;0.6.1;true;;41937;30;1
BASE/sudokuGrade2;PALAMEDES_JOCULAR;0.6.1;true;;30001;2399;63
DRESDEN/cylinder-checkers;PALAMEDES_JOCULAR;0.6.1;true;;30009;1095;11
DRESDEN/stratego;PALAMEDES_JOCULAR;0.6.1;true;;30009;34616;845
BASE/knightThrough;PALAMEDES_JOCULAR;0.6.1;false;Exception of type NullPointerException;0;0;0
BASE/blockerSerial;PALAMEDES_JOCULAR;0.6.1;true;;30000;21621;1372
STANFORD/breakthroughsmall;PALAMEDES_JOCULAR;0.6.1;false;Exception of type NullPointerException;0;0;0
BASE/futoshiki6;PALAMEDES_JOCULAR;0.6.1;true;;30002;5178;256
DRESDEN/checkers-newgoals;PALAMEDES_JOCULAR;0.6.1;true;;30002;1777;18
BASE/buttons;PALAMEDES_JOCULAR;0.6.1;true;;30000;129704706;21617451
BASE/checkers-suicide-cylinder-mustjump;PALAMEDES_JOCULAR;0.6.1;true;;30149;173;4
BASE/pentagoSuicide;PALAMEDES_JOCULAR;0.6.1;false;Exception of type NullPointerException;0;0;0
DRESDEN/tictactoe_3d_small_6player;PALAMEDES_JOCULAR;0.6.1;true;;30001;5722;155
DRESDEN/tttcc4;PALAMEDES_JOCULAR;0.6.1;false;Exception of type NullPointerException;0;0;0
BASE/sudokuGrade3;PALAMEDES_JOCULAR;0.6.1;true;;30002;2367;60
BASE/pawnToQueen;PALAMEDES_JOCULAR;0.6.1;true;;30031;996;74
STANFORD/3puzzle;PALAMEDES_JOCULAR;0.6.1;true;;30000;223055396;37175899
BASE/endgame;PALAMEDES_JOCULAR;0.6.1;true;;30000;16334;1166
DRESDEN/Thief_Police;PALAMEDES_JOCULAR;0.6.1;true;;30000;189746;5633
STANFORD/buttonsandlights;PALAMEDES_JOCULAR;0.6.1;true;;30000;128303758;21681010
BASE/pawnWhopping;PALAMEDES_JOCULAR;0.6.1;true;;30000;47687;1396
DRESDEN/connectfour;PALAMEDES_JOCULAR;0.6.1;false;Exception of type NullPointerException;0;0;0
DRESDEN/gt_prisoner;PALAMEDES_JOCULAR;0.6.1;true;;30000;270118;13505
BASE/futoshiki5;PALAMEDES_JOCULAR;0.6.1;true;;30002;9564;690
STANFORD/jointbuttonsandlights;PALAMEDES_JOCULAR;0.6.1;true;;30396;334821;58065
DRESDEN/small_dominion;PALAMEDES_JOCULAR;0.6.1;false;Exception of type NullPointerException;0;0;0
BASE/troublemaker01;PALAMEDES_JOCULAR;0.6.1;true;;30000;190628788;63539856
BASE/checkersTorusNoKings;PALAMEDES_JOCULAR;0.6.1;true;;30000;12340;202
DRESDEN/Zhadu;PALAMEDES_JOCULAR;0.6.1;true;;30026;869;21
BASE/guess;PALAMEDES_JOCULAR;0.6.1;true;;30045;600;66
STANFORD/rainbow;PALAMEDES_JOCULAR;0.6.1;true;;30000;584240;97373
DRESDEN/knightwar;PALAMEDES_JOCULAR;0.6.1;false;Exception of type NullPointerException;0;0;0
DRESDEN/blobwars;PALAMEDES_JOCULAR;0.6.1;true;;30002;10317;258
DRESDEN/checkers-cylinder-mustjump;PALAMEDES_JOCULAR;0.6.1;true;;30058;184;4
BASE/tictactoe_3d_small_6player;PALAMEDES_JOCULAR;0.6.1;true;;30002;5847;164
BASE/amazonsSuicide_10x10;PALAMEDES_JOCULAR;0.6.1;false;Exception of type NullPointerException;0;0;0
BASE/sudokuGrade4;PALAMEDES_JOCULAR;0.6.1;true;;30001;2301;59
BASE/escortLatch;PALAMEDES_JOCULAR;0.6.1;true;;30000;28247;477
DRESDEN/pacman3p;PALAMEDES_JOCULAR;0.6.1;false;Exception of type NullPointerException;0;0;0
BASE/tictactoe_3d_small_2player;PALAMEDES_JOCULAR;0.6.1;true;;30003;21814;1769
STANFORD/knightstour;PALAMEDES_JOCULAR;0.6.1;true;;30864;1666548;343258
DRESDEN/checkers-mustjump-torus;PALAMEDES_JOCULAR;0.6.1;true;;30052;148;3
BASE/snake2p;PALAMEDES_JOCULAR;0.6.1;true;;30000;19808023;14837313
BASE/roshambo2;PALAMEDES_JOCULAR;0.6.1;true;;30013;424515;49897
BASE/sudokuGrade5;PALAMEDES_JOCULAR;0.6.1;true;;30000;2276;58
BASE/gt_tinfoil;PALAMEDES_JOCULAR;0.6.1;true;;30000;51290;5129
BASE/skirmish;PALAMEDES_JOCULAR;0.6.1;true;;30006;1020;10
BASE/breakthroughSmallHoles;PALAMEDES_JOCULAR;0.6.1;true;;30000;64625;2489
BASE/ticTacToeLarge;PALAMEDES_JOCULAR;0.6.1;true;;30000;138358;5839
STANFORD/trifecta;PALAMEDES_JOCULAR;0.6.1;true;;30000;326898;42857
BASE/queens31lg;PALAMEDES_JOCULAR;0.6.1;false;Test process timed out after 240 seconds;0;0;0
DRESDEN/tictactoe_3d_small_2player;PALAMEDES_JOCULAR;0.6.1;true;;30010;18384;1495
STANFORD/madness;PALAMEDES_JOCULAR;0.6.1;true;;30027;784;13
BASE/coloredtrails;PALAMEDES_JOCULAR;0.6.1;true;;30000;139887;15543
DRESDEN/blocks2player;PALAMEDES_JOCULAR;0.6.1;true;;30022;384536;21363
BASE/majorities;PALAMEDES_JOCULAR;0.6.1;false;IllegalArgumentException: bound must be positive;0;0;0
BASE/gt_prisoner;PALAMEDES_JOCULAR;0.6.1;true;;30000;230334;11516
DRESDEN/satlike_20v_91c;PALAMEDES_JOCULAR;0.6.1;true;;31562;280;14
DRESDEN/circlesolitaire;PALAMEDES_JOCULAR;0.6.1;true;;30000;556121;54034
BASE/eightPuzzle;PALAMEDES_JOCULAR;0.6.1;true;;30000;180780;3013
DRESDEN/Goldrush;PALAMEDES_JOCULAR;0.6.1;false;Exception of type NullPointerException;0;0;0
DRESDEN/SC_TestOnly_enabled;PALAMEDES_JOCULAR;0.6.1;false;Exception of type NullPointerException;0;0;0
DRESDEN/uf20-010.cnf.SAT;PALAMEDES_JOCULAR;0.6.1;true;;30000;76593;3829
DRESDEN/buttons;PALAMEDES_JOCULAR;0.6.1;true;;30000;93464628;15577438
BASE/chinook;PALAMEDES_JOCULAR;0.6.1;true;;30001;5771;197
BASE/gt_two_thirds_2p;PALAMEDES_JOCULAR;0.6.1;false;IllegalArgumentException: bound must be positive;0;0;0
STANFORD/untwistycorridor;PALAMEDES_JOCULAR;0.6.1;true;;30027;1102898;157556
DRESDEN/pancakes;PALAMEDES_JOCULAR;0.6.1;true;;30029;421091;10617
BASE/checkers-mustjump-torus;PALAMEDES_JOCULAR;0.6.1;true;;30000;116;2
BASE/othelloSuicide;PALAMEDES_JOCULAR;0.6.1;true;;30017;86;1
BASE/biddingTicTacToe_10coins;PALAMEDES_JOCULAR;0.6.1;false;IllegalArgumentException: bound must be positive;0;0;0
DRESDEN/hanoi7_bugfix;PALAMEDES_JOCULAR;0.6.1;true;;30000;74143;583
DRESDEN/latenttictactoe;PALAMEDES_JOCULAR;0.6.1;true;;30000;135196;12739
DRESDEN/lightsout;PALAMEDES_JOCULAR;0.6.1;true;;30000;54876;2743
DRESDEN/CatchMeIfYouCanTest;PALAMEDES_JOCULAR;0.6.1;true;;30000;161028;4715
BASE/ttcc4_2player_small;PALAMEDES_JOCULAR;0.6.1;false;Exception of type NullPointerException;0;0;0
BASE/ticTacToeSerial;PALAMEDES_JOCULAR;0.6.1;true;;30000;21082;1376
BASE/quad_7x7;PALAMEDES_JOCULAR;0.6.1;true;;30810;34;1
STANFORD/sukoshi;PALAMEDES_JOCULAR;0.6.1;true;;30000;14377887;2646067
BASE/tictactoe_orthogonal;PALAMEDES_JOCULAR;0.6.1;true;;30000;287487;35938
DRESDEN/lightson2x2;PALAMEDES_JOCULAR;0.6.1;true;;30000;274444;27444
BASE/survival;PALAMEDES_JOCULAR;0.6.1;true;;30000;93324507;79991389
BASE/colonelBlotto;PALAMEDES_JOCULAR;0.6.1;true;;54699;2;0
DRESDEN/pawn_whopping_simultaneous;PALAMEDES_JOCULAR;0.6.1;true;;30000;23149;1276
STANFORD/multipletictactoe;PALAMEDES_JOCULAR;0.6.1;true;;30000;38199;2128
DRESDEN/twisty-passages;PALAMEDES_JOCULAR;0.6.1;true;;30000;49847;250
BASE/aipsrovers01;PALAMEDES_JOCULAR;0.6.1;true;;30030;250108;8645
BASE/hanoi7_bugfix;PALAMEDES_JOCULAR;0.6.1;true;;30000;75973;598
DRESDEN/crossers3;PALAMEDES_JOCULAR;0.6.1;true;;30000;25865;1955
DRESDEN/laikLee_hex;PALAMEDES_JOCULAR;0.6.1;true;;39471;68;3
STANFORD/duidoku;PALAMEDES_JOCULAR;0.6.1;true;;30025;1496;36
DRESDEN/cubicup_3player;PALAMEDES_JOCULAR;0.6.1;true;;30002;7762;92
DRESDEN/tictactoe_3d_2player;PALAMEDES_JOCULAR;0.6.1;true;;30010;6140;174
DRESDEN/quad_7x7;PALAMEDES_JOCULAR;0.6.1;true;;32483;64;2
BASE/ticTicToe;PALAMEDES_JOCULAR;0.6.1;true;;30000;159297;31789
DRESDEN/tictactoe_orthogonal;PALAMEDES_JOCULAR;0.6.1;true;;30000;301826;37693
BASE/blocksWorldSerial;PALAMEDES_JOCULAR;0.6.1;true;;30000;142013298;23668883
DRESDEN/knightstour;PALAMEDES_JOCULAR;0.6.1;true;;30000;1398542;288157
DRESDEN/chinesecheckers1;PALAMEDES_JOCULAR;0.6.1;true;;30000;73688;2578
BASE/mineClearingSmall;PALAMEDES_JOCULAR;0.6.1;false;Exception of type NullPointerException;0;0;0
DRESDEN/endgame;PALAMEDES_JOCULAR;0.6.1;true;;30001;11459;818
DRESDEN/tictactoe_3d_6player;PALAMEDES_JOCULAR;0.6.1;true;;30005;1816;17
DRESDEN/troublemaker01;PALAMEDES_JOCULAR;0.6.1;true;;30000;172896612;57632279
DRESDEN/battlesnakes2011;PALAMEDES_JOCULAR;0.6.1;true;;30000;12586;391
DRESDEN/checkers-mustjump;PALAMEDES_JOCULAR;0.6.1;true;;30067;289;5
DRESDEN/tpeg;PALAMEDES_JOCULAR;0.6.1;true;;30000;9513;778
DRESDEN/chinesecheckers6-simultaneous;PALAMEDES_JOCULAR;0.6.1;true;;30002;10915;485
DRESDEN/sat_test_20v_91c_version2;PALAMEDES_JOCULAR;0.6.1;true;;30000;68396;3419
STANFORD/multiplebuttonsandlights_9;PALAMEDES_JOCULAR;0.6.1;true;;30000;506171;84362
BASE/maze;PALAMEDES_JOCULAR;0.6.1;true;;30000;220711770;25133961
DRESDEN/chinesecheckers2;PALAMEDES_JOCULAR;0.6.1;true;;30000;55499;1468
BASE/sudokuGrade6H;PALAMEDES_JOCULAR;0.6.1;true;;30010;1447;30
BASE/queens06ug;PALAMEDES_JOCULAR;0.6.1;false;Test process timed out after 240 seconds;0;0;0
DRESDEN/3pffa;PALAMEDES_JOCULAR;0.6.1;true;;30000;48477;1615
DRESDEN/troublemaker02;PALAMEDES_JOCULAR;0.6.1;true;;30000;145687860;48560889
DRESDEN/ggp-course2013_michal13;PALAMEDES_JOCULAR;0.6.1;true;;30139;199;6
DRESDEN/vacuumcleaner_obstacles_6;PALAMEDES_JOCULAR;0.6.1;true;;30505;1639;274
BASE/knightfight;PALAMEDES_JOCULAR;0.6.1;true;;30000;76785;7015
DRESDEN/kalaha_2009;PALAMEDES_JOCULAR;0.6.1;true;;30000;100531;1205
DRESDEN/quad;PALAMEDES_JOCULAR;0.6.1;true;;30143;42;0
DRESDEN/tictactoelargesuicide;PALAMEDES_JOCULAR;0.6.1;true;;30000;117983;4965
BASE/snakeAssemblit;PALAMEDES_JOCULAR;0.6.1;true;;30000;29128;3583
DRESDEN/3qbf-5cnf-20var-40cl.0.qdimacs;PALAMEDES_JOCULAR;0.6.1;true;;30000;82700;1407
DRESDEN/peg_bugfixed;PALAMEDES_JOCULAR;0.6.1;true;;30002;8083;328
BASE/hanoi;PALAMEDES_JOCULAR;0.6.1;true;;30000;104002;3354
DRESDEN/chinesecheckers3;PALAMEDES_JOCULAR;0.6.1;true;;30000;48665;893
DRESDEN/bunk_t;PALAMEDES_JOCULAR;0.6.1;true;;30000;62963;7541
DRESDEN/grid_game;PALAMEDES_JOCULAR;0.6.1;true;;30000;52347;1480
DRESDEN/tictactoex9;PALAMEDES_JOCULAR;0.6.1;true;;30001;18938;644
BASE/queens;PALAMEDES_JOCULAR;0.6.1;false;Test process timed out after 240 seconds;0;0;0
DRESDEN/gt_chicken;PALAMEDES_JOCULAR;0.6.1;true;;30000;195531;9776
DRESDEN/breakthroughsuicide;PALAMEDES_JOCULAR;0.6.1;false;Exception of type NullPointerException;0;0;0
BASE/factoringGeorgeForman;PALAMEDES_JOCULAR;0.6.1;true;;30000;261027;5510
BASE/connectFour;PALAMEDES_JOCULAR;0.6.1;true;;30000;61120;2724
DRESDEN/lightsout2;PALAMEDES_JOCULAR;0.6.1;true;;30000;54905;2745
BASE/ticTacToeNoVars;PALAMEDES_JOCULAR;0.6.1;true;;30000;382170;50156
DRESDEN/pentago_2008;PALAMEDES_JOCULAR;0.6.1;true;;30007;4863;88
BASE/battle;PALAMEDES_JOCULAR;0.6.1;true;;30015;572;19
DRESDEN/ggp-course2013_nicolai;PALAMEDES_JOCULAR;0.6.1;true;;30004;2916;94
DRESDEN/connect4;PALAMEDES_JOCULAR;0.6.1;true;;30000;15354;725
BASE/knightwar;PALAMEDES_JOCULAR;0.6.1;false;Exception of type NullPointerException;0;0;0
DRESDEN/gt_ultimatum;PALAMEDES_JOCULAR;0.6.1;true;;30017;4190;209
BASE/blockerParallel;PALAMEDES_JOCULAR;0.6.1;true;;30001;11393;1617
DRESDEN/tictactoe;PALAMEDES_JOCULAR;0.6.1;true;;30004;302800;39691
BASE/4pttc;PALAMEDES_JOCULAR;0.6.1;true;;30000;16658;529
BASE/knightsTourLarge;PALAMEDES_JOCULAR;0.6.1;true;;30000;418376;69855
DRESDEN/chinesecheckers4;PALAMEDES_JOCULAR;0.6.1;true;;30000;23035;398
DRESDEN/firefighter;PALAMEDES_JOCULAR;0.6.1;true;;30000;257774;5812
STANFORD/dualrainbow;PALAMEDES_JOCULAR;0.6.1;true;;30000;217535;36255
BASE/asteroidsParallel;PALAMEDES_JOCULAR;0.6.1;false;Exception of type NullPointerException;0;0;0
STANFORD/sudoku;PALAMEDES_JOCULAR;0.6.1;true;;30012;1858;45
BASE/dualConnect4;PALAMEDES_JOCULAR;0.6.1;true;;30000;33462;1067
DRESDEN/statespacemedium;PALAMEDES_JOCULAR;0.6.1;true;;30000;290077;0
DRESDEN/peg;PALAMEDES_JOCULAR;0.6.1;true;;30000;7901;324
BASE/gt_ultimatum;PALAMEDES_JOCULAR;0.6.1;true;;30022;4294;214
BASE/checkers-newgoals;PALAMEDES_JOCULAR;0.6.1;true;;30029;1055;10
BASE/duplicateStateMedium;PALAMEDES_JOCULAR;0.6.1;true;;30068;340059;0
DRESDEN/connect5;PALAMEDES_JOCULAR;0.6.1;true;;30000;28031;608
BASE/alexChess;PALAMEDES_JOCULAR;0.6.1;false;Exception of type StackOverflowError;0;0;0
BASE/chickentictactoe;PALAMEDES_JOCULAR;0.6.1;true;;30000;178588;25130
DRESDEN/connectfoursuicide;PALAMEDES_JOCULAR;0.6.1;false;Exception of type NullPointerException;0;0;0
STANFORD/knightstourmedium;PALAMEDES_JOCULAR;0.6.1;true;;30000;2919292;729528
DRESDEN/brain_teaser_extended;PALAMEDES_JOCULAR;0.6.1;true;;30000;159399;10626
DRESDEN/skirmish;PALAMEDES_JOCULAR;0.6.1;true;;30004;4123;103
STANFORD/knightstourbig;PALAMEDES_JOCULAR;0.6.1;true;;30000;331700;56814
DRESDEN/babel;PALAMEDES_JOCULAR;0.6.1;false;Exception of type NullPointerException;0;0;0
BASE/quartoSuicide;PALAMEDES_JOCULAR;0.6.1;true;;30000;47441;2031
DRESDEN/skirmishfinal;PALAMEDES_JOCULAR;0.6.1;true;;30019;1524;25
DRESDEN/queens;PALAMEDES_JOCULAR;0.6.1;true;;226865;10;1
BASE/sudokuGrade6E;PALAMEDES_JOCULAR;0.6.1;true;;30016;1543;33
DRESDEN/quarto;PALAMEDES_JOCULAR;0.6.1;true;;30000;49613;2125
BASE/skirmishZeroSum;PALAMEDES_JOCULAR;0.6.1;true;;30007;2542;25
STANFORD/hunter;PALAMEDES_JOCULAR;0.6.1;true;;30000;201571;14397
DRESDEN/nim4;PALAMEDES_JOCULAR;0.6.1;true;;30005;4201;314
BASE/nineBoardTicTacToe;PALAMEDES_JOCULAR;0.6.1;true;;30000;27580;938
DRESDEN/vacuumcleaner_random;PALAMEDES_JOCULAR;0.6.1;true;;30003;56867;9486
BASE/troublemaker02;PALAMEDES_JOCULAR;0.6.1;true;;30000;147800554;49266666
DRESDEN/max_knights;PALAMEDES_JOCULAR;0.6.1;true;;30000;22332;4205
BASE/nim2;PALAMEDES_JOCULAR;0.6.1;true;;30006;6480;732
BASE/connect5;PALAMEDES_JOCULAR;0.6.1;true;;30000;28741;624
DRESDEN/crissrace;PALAMEDES_JOCULAR;0.6.1;true;;30001;20916;467
DRESDEN/hanoi;PALAMEDES_JOCULAR;0.6.1;true;;30000;104710;3377
BASE/amazonsTorus_10x10;PALAMEDES_JOCULAR;0.6.1;false;Exception of type NullPointerException;0;0;0
DRESDEN/breakthrough;PALAMEDES_JOCULAR;0.6.1;false;Exception of type NullPointerException;0;0;0
DRESDEN/blocks;PALAMEDES_JOCULAR;0.6.1;true;;30000;153670133;51223377
BASE/cephalopodMicro;PALAMEDES_JOCULAR;0.6.1;true;;30018;336;8
DRESDEN/battlesnakes1509;PALAMEDES_JOCULAR;0.6.1;true;;30000;14298;350
BASE/brain_teaser_extended;PALAMEDES_JOCULAR;0.6.1;true;;30000;150770;10051
BASE/catcha_mouse;PALAMEDES_JOCULAR;0.6.1;false;Exception of type NullPointerException;0;0;0
BASE/choicethroughalt;PALAMEDES_JOCULAR;0.6.1;false;Exception of type NullPointerException;0;0;0
BASE/ttcc4_2player;PALAMEDES_JOCULAR;0.6.1;false;Exception of type NullPointerException;0;0;0
BASE/kalaha6x2x4;PALAMEDES_JOCULAR;0.6.1;true;;30000;100471;547
BASE/ruleDepthExponential;PALAMEDES_JOCULAR;0.6.1;false;Exception of type NullPointerException;0;0;0
BASE/factoringMediumTurtleBrain;PALAMEDES_JOCULAR;0.6.1;true;;30000;60249;717
STANFORD/dualhunter;PALAMEDES_JOCULAR;0.6.1;true;;30000;70579;5041
BASE/gt_attrition;PALAMEDES_JOCULAR;0.6.1;false;IllegalArgumentException: bound must be positive;0;0;0
BASE/brawl;PALAMEDES_JOCULAR;0.6.1;true;;30004;3057;305
DRESDEN/nim3;PALAMEDES_JOCULAR;0.6.1;true;;30003;3865;292
STANFORD/tictactoe7;PALAMEDES_JOCULAR;0.6.1;true;;30000;22993667;4147058
BASE/cittaceot;PALAMEDES_JOCULAR;0.6.1;true;;30000;4654;216
BASE/breakthrough;PALAMEDES_JOCULAR;0.6.1;true;;30003;8223;127
BASE/nim1;PALAMEDES_JOCULAR;0.6.1;true;;30001;8010;1166
BASE/amazons;PALAMEDES_JOCULAR;0.6.1;false;Exception of type NullPointerException;0;0;0
BASE/2pttc;PALAMEDES_JOCULAR;0.6.1;true;;30000;18385;665
BASE/crissrace;PALAMEDES_JOCULAR;0.6.1;true;;30000;20573;458
BASE/conn4;PALAMEDES_JOCULAR;0.6.1;true;;30000;20395;958
BASE/connect4;PALAMEDES_JOCULAR;0.6.1;true;;30001;16617;777
DRESDEN/pawntoqueen;PALAMEDES_JOCULAR;0.6.1;true;;30020;863;64
BASE/breakthroughSuicide;PALAMEDES_JOCULAR;0.6.1;true;;30004;7142;118
DRESDEN/bidding-tictactoe_10coins;PALAMEDES_JOCULAR;0.6.1;false;IllegalArgumentException: bound must be positive;0;0;0
BASE/tictactoe_3d_6player;PALAMEDES_JOCULAR;0.6.1;true;;30005;1751;16
BASE/checkers-mustjump;PALAMEDES_JOCULAR;0.6.1;true;;30095;261;4
BASE/checkersBarrelNoKings;PALAMEDES_JOCULAR;0.6.1;true;;30002;10693;165
DRESDEN/nim2;PALAMEDES_JOCULAR;0.6.1;true;;30004;6455;723
BASE/kalaha_2009;PALAMEDES_JOCULAR;0.6.1;true;;30000;101810;1215
BASE/pegEuro;PALAMEDES_JOCULAR;0.6.1;true;;30003;6261;243
DRESDEN/double_tictactoe_dengji;PALAMEDES_JOCULAR;0.6.1;true;;30000;57440;4025
BASE/nim4;PALAMEDES_JOCULAR;0.6.1;true;;30002;4111;308
BASE/dotsAndBoxes;PALAMEDES_JOCULAR;0.6.1;true;;30000;27170;452
DRESDEN/blocker;PALAMEDES_JOCULAR;0.6.1;true;;30019;204381;25918
BASE/reversi;PALAMEDES_JOCULAR;0.6.1;false;Test process timed out after 240 seconds;0;0;0
BASE/hanoi_6_disks;PALAMEDES_JOCULAR;0.6.1;true;;30000;457425;128099
STANFORD/multiplebuttonsandlights;PALAMEDES_JOCULAR;0.6.1;true;;30000;484359;80726
STANFORD/connectfour;PALAMEDES_JOCULAR;0.6.1;true;;30000;61091;2731
DRESDEN/hanoi_6_disks;PALAMEDES_JOCULAR;0.6.1;true;;30000;495705;139730
BASE/quad;PALAMEDES_JOCULAR;0.6.1;true;;71647;42;1
BASE/factoringImpossibleTurtleBrain;PALAMEDES_JOCULAR;0.6.1;true;;30043;38;0
DRESDEN/knightfight;PALAMEDES_JOCULAR;0.6.1;true;;30000;78612;7271
DRESDEN/nim1;PALAMEDES_JOCULAR;0.6.1;true;;30004;8432;1220
DRESDEN/bomberman2p;PALAMEDES_JOCULAR;0.6.1;false;Exception of type NullPointerException;0;0;0
STANFORD/checkersonabarrelnokings;PALAMEDES_JOCULAR;0.6.1;true;;30008;11038;166
STANFORD/bestbuttonsandlights;PALAMEDES_JOCULAR;0.6.1;true;;30022;429798;71633
BASE/max_knights;PALAMEDES_JOCULAR;0.6.1;true;;30000;22090;4136
BASE/eotcitcit;PALAMEDES_JOCULAR;0.6.1;true;;30000;160438;31983
BASE/blocks;PALAMEDES_JOCULAR;0.6.1;true;;30000;161660783;53886927
DRESDEN/battlebrushes;PALAMEDES_JOCULAR;0.6.1;false;Exception of type NullPointerException;0;0;0
BASE/nim3;PALAMEDES_JOCULAR;0.6.1;true;;30001;3910;294
BASE/3pffa;PALAMEDES_JOCULAR;0.6.1;true;;30000;22739;757
DRESDEN/brawl;PALAMEDES_JOCULAR;0.6.1;true;;30010;3010;301
STANFORD/nineboardtictactoe;PALAMEDES_JOCULAR;0.6.1;true;;30000;26905;916
BASE/blocksWorld;PALAMEDES_JOCULAR;0.6.1;true;;30000;153482484;51160828
DRESDEN/logistics;PALAMEDES_JOCULAR;0.6.1;true;;30000;124961;2499
BASE/factoringEasyTurtleBrain;PALAMEDES_JOCULAR;0.6.1;true;;30000;184920;3082
